"","datetime","depth","heading","lon","lat","videotime"
"1",2021-01-06 11:49:06,624.9,3,15.28460617,68.011404,00:00:02
"2",2021-01-06 11:49:08,624.8,358,15.2845875,68.01140233,00:00:04
"3",2021-01-06 11:49:10,624.8,354,15.28456767,68.0114035,00:00:06
"4",2021-01-06 11:49:12,625,3,15.28453717,68.0114105,00:00:07
"5",2021-01-06 11:49:14,625.1,1,15.28454517,68.01140983,00:00:09
"6",2021-01-06 11:49:16,625.3,359,15.28454583,68.011408,00:00:11
"7",2021-01-06 11:49:18,625.4,358,15.28454317,68.01140483,00:00:13
"8",2021-01-06 11:49:20,625.4,358,15.28455117,68.0114065,00:00:15
"9",2021-01-06 11:49:22,625.4,356,15.2845715,68.01140317,00:00:17
"10",2021-01-06 11:49:24,625.3,357,15.28459533,68.01140283,00:00:19
"11",2021-01-06 11:49:26,625.6,359,15.28460083,68.01140617,00:00:20
"12",2021-01-06 11:49:28,625.8,0,15.2846055,68.01140583,00:00:22
"13",2021-01-06 11:49:30,625.8,1,15.284615,68.011406,00:00:24
"14",2021-01-06 11:49:32,626,355,15.284598,68.01142633,00:00:28
"15",2021-01-06 11:49:34,626.1,350,15.28460033,68.0114365,00:00:30
"16",2021-01-06 11:49:36,626,351,15.28460533,68.01144617,00:00:32
"17",2021-01-06 11:49:38,625.8,350,15.284609,68.01145017,00:00:33
"18",2021-01-06 11:49:40,625.9,349,15.28459917,68.01145367,00:00:35
"19",2021-01-06 11:49:42,625.9,342,15.28459717,68.01145717,00:00:37
"20",2021-01-06 11:49:44,625.9,338,15.28459917,68.0114565,00:00:39
"21",2021-01-06 11:49:46,625.7,333,15.2846015,68.01145567,00:00:41
"22",2021-01-06 11:49:48,625.5,328,15.28460517,68.01145333,00:00:43
"23",2021-01-06 11:49:50,625.4,318,15.284608,68.011448,00:00:44
"24",2021-01-06 11:49:52,625.5,323,15.284611,68.01144683,00:00:46
"25",2021-01-06 11:49:54,625.4,323,15.28460267,68.01144533,00:00:48
"26",2021-01-06 11:49:56,625.1,321,15.28460167,68.011444,00:00:50
"27",2021-01-06 11:49:58,625.3,320,15.28462067,68.01144283,00:00:54
"28",2021-01-06 11:50:00,625.4,322,15.28461767,68.011446,00:00:56
"29",2021-01-06 11:50:02,625.2,321,15.284605,68.01144617,00:00:57
"30",2021-01-06 11:50:04,625.1,320,15.28460233,68.01144217,00:00:59
"31",2021-01-06 11:50:06,625.1,314,15.28458367,68.01144267,00:01:01
"32",2021-01-06 11:50:07,625.1,319,15.28456533,68.0114465,00:01:03
"33",2021-01-06 11:50:10,625.2,315,15.284546,68.011448,00:01:05
"34",2021-01-06 11:50:12,625.3,314,15.28452867,68.01144983,00:01:07
"35",2021-01-06 11:50:14,625.4,312,15.284502,68.01144767,00:01:09
"36",2021-01-06 11:50:16,625.4,310,15.2844885,68.01144533,00:01:10
"37",2021-01-06 11:50:18,625.4,307,15.28447183,68.01144783,00:01:12
"38",2021-01-06 11:50:20,625.4,305,15.28445033,68.0114505,00:01:14
"39",2021-01-06 11:50:22,625.2,303,15.28442833,68.0114565,00:01:18
"40",2021-01-06 11:50:24,625.3,305,15.284435,68.01145567,00:01:20
"41",2021-01-06 11:50:26,625.4,308,15.28443333,68.0114615,00:01:22
"42",2021-01-06 11:50:28,625.4,309,15.28442383,68.011467,00:01:23
"43",2021-01-06 11:50:30,625.4,308,15.28441317,68.01147433,00:01:25
"44",2021-01-06 11:50:32,625.4,307,15.28439833,68.01147967,00:01:27
"45",2021-01-06 11:50:34,625.3,310,15.28438333,68.01148417,00:01:29
"46",2021-01-06 11:50:35,625.1,313,15.28437117,68.011489,00:01:31
"47",2021-01-06 11:50:38,625.1,312,15.28437117,68.011489,00:01:31
"48",2021-01-06 11:50:40,624.9,313,15.2843475,68.01149933,00:01:35
"49",2021-01-06 11:50:42,624.9,310,15.28433667,68.0115035,00:01:36
"50",2021-01-06 11:50:44,624.8,312,15.284342,68.011507,00:01:38
"51",2021-01-06 11:50:46,624.8,317,15.28433383,68.01150783,00:01:40
"52",2021-01-06 11:50:48,624.9,326,15.28435083,68.0115145,00:01:44
"53",2021-01-06 11:50:49,624.8,328,15.28434683,68.01151783,00:01:46
"54",2021-01-06 11:50:52,624.7,328,15.28435067,68.01152067,00:01:48
"55",2021-01-06 11:50:54,624.8,331,15.28434033,68.01152417,00:01:49
"56",2021-01-06 11:50:56,624.8,330,15.28434733,68.01152133,00:01:51
"57",2021-01-06 11:50:58,624.9,329,15.28433333,68.0115225,00:01:53
"58",2021-01-06 11:51:00,624.9,328,15.28432733,68.01151817,00:01:55
"59",2021-01-06 11:51:02,625,329,15.28432267,68.011518,00:01:57
"60",2021-01-06 11:51:04,625,327,15.28432183,68.01151633,00:01:59
"61",2021-01-06 11:51:06,625.1,338,15.284313,68.011516,00:02:00
"62",2021-01-06 11:51:08,625.1,342,15.28430367,68.01152683,00:02:02
"63",2021-01-06 11:51:10,625.1,342,15.2842945,68.01152733,00:02:04
"64",2021-01-06 11:51:12,625.1,340,15.284295,68.0115315,00:02:06
"65",2021-01-06 11:51:14,625.1,342,15.28429617,68.011525,00:02:10
"66",2021-01-06 11:51:16,625.1,345,15.28427983,68.01151967,00:02:12
"67",2021-01-06 11:51:18,625.4,343,15.284268,68.01152433,00:02:13
"68",2021-01-06 11:51:20,625.2,344,15.28424383,68.01151717,00:02:15
"69",2021-01-06 11:51:22,625.1,343,15.28425683,68.0115115,00:02:17
"70",2021-01-06 11:51:24,625,0,15.28425933,68.01150433,00:02:19
"71",2021-01-06 11:51:26,624.8,11,15.28427383,68.01150517,00:02:21
"72",2021-01-06 11:51:28,624.7,15,15.28425883,68.01150433,00:02:23
"73",2021-01-06 11:51:30,624.9,19,15.28425067,68.01150383,00:02:25
"74",2021-01-06 11:51:32,625.2,8,15.28422083,68.01151067,00:02:26
"75",2021-01-06 11:51:34,625.4,7,15.28418833,68.01151117,00:02:28
"76",2021-01-06 11:51:36,625.5,4,15.28414133,68.01152617,00:02:30
"77",2021-01-06 11:51:38,625.2,13,15.28413,68.01154,00:02:34
"78",2021-01-06 11:51:40,625.1,17,15.28411617,68.01154983,00:02:36
"79",2021-01-06 11:51:41,624.8,19,15.28412817,68.011558,00:02:38
"80",2021-01-06 11:51:44,624.7,23,15.28413383,68.01157,00:02:39
"81",2021-01-06 11:51:46,624.6,30,15.28413717,68.01155783,00:02:41
"82",2021-01-06 11:51:48,624.4,28,15.28414517,68.01156183,00:02:43
"83",2021-01-06 11:51:50,624.8,30,15.28414983,68.01157233,00:02:45
"84",2021-01-06 11:51:52,625.1,33,15.28415233,68.0115775,00:02:47
"85",2021-01-06 11:51:54,625.2,31,15.28415233,68.01158633,00:02:49
"86",2021-01-06 11:51:56,625.4,31,15.28414533,68.01158967,00:02:51
"87",2021-01-06 11:51:58,625.4,34,15.28414817,68.0115955,00:02:52
"88",2021-01-06 11:52:00,625.4,37,15.28413917,68.01160433,00:02:54
"89",2021-01-06 11:52:02,625.5,38,15.28412433,68.01161167,00:02:56
"90",2021-01-06 11:52:04,625.5,43,15.28413933,68.01162017,NA
"91",2021-01-06 11:52:06,625.4,42,15.28413967,68.01163417,00:03:02
"92",2021-01-06 11:52:08,625.2,39,15.28416433,68.0116425,00:03:04
"93",2021-01-06 11:52:10,625.3,35,15.28419333,68.0116505,00:03:05
"94",2021-01-06 11:52:11,625.4,35,15.28421033,68.0116605,00:03:07
"95",2021-01-06 11:52:14,625.4,34,15.28422883,68.01166717,00:03:09
"96",2021-01-06 11:52:16,625.4,37,15.28426167,68.01167633,00:03:11
"97",2021-01-06 11:52:18,625.5,39,15.28428017,68.01167933,00:03:13
"98",2021-01-06 11:52:20,625.5,33,15.28430883,68.01168483,00:03:15
"99",2021-01-06 11:52:22,625.7,20,15.28432033,68.01169133,00:03:16
"100",2021-01-06 11:52:24,625.7,23,15.284332,68.01169483,00:03:18
"101",2021-01-06 11:52:26,625.7,31,15.284339,68.01169167,00:03:20
"102",2021-01-06 11:52:28,625.5,38,15.28434183,68.01168933,00:03:22
"103",2021-01-06 11:52:30,625.4,35,15.284352,68.0116865,00:03:26
"104",2021-01-06 11:52:32,625.4,30,15.2843795,68.0116775,00:03:28
"105",2021-01-06 11:52:34,625.3,23,15.28438533,68.01167333,00:03:29
"106",2021-01-06 11:52:36,625.4,21,15.28440517,68.01166917,00:03:31
"107",2021-01-06 11:52:38,625.4,7,15.28442383,68.011668,00:03:33
"108",2021-01-06 11:52:40,625.5,358,15.28443633,68.01167367,00:03:35
"109",2021-01-06 11:52:42,625.5,349,15.284452,68.01167483,00:03:37
"110",2021-01-06 11:52:44,625.6,345,15.28445217,68.011683,00:03:39
"111",2021-01-06 11:52:46,625.4,339,15.28444633,68.011689,00:03:41
"112",2021-01-06 11:52:48,625.3,338,15.28442683,68.011689,00:03:42
"113",2021-01-06 11:52:50,625.4,330,15.28440517,68.01168467,00:03:44
"114",2021-01-06 11:52:52,625.5,329,15.284381,68.01168067,00:03:46
"115",2021-01-06 11:52:54,625.7,331,15.28434067,68.011692,00:03:50
"116",2021-01-06 11:52:56,625.5,332,15.28428983,68.01170417,00:03:52
"117",2021-01-06 11:52:58,625.4,321,15.28428267,68.01171067,00:03:54
"118",2021-01-06 11:53:00,625.4,312,15.2842645,68.01172383,00:03:55
"119",2021-01-06 11:53:02,625.4,312,15.28424933,68.01173417,00:03:57
"120",2021-01-06 11:53:04,625.2,313,15.28427967,68.01177467,00:03:59
"121",2021-01-06 11:53:06,625.1,315,15.28428033,68.01178117,00:04:01
"122",2021-01-06 11:53:08,625.1,313,15.28420633,68.01179117,00:04:03
"123",2021-01-06 11:53:10,625.2,312,15.284162,68.01178367,00:04:05
"124",2021-01-06 11:53:12,625.4,317,15.28412767,68.01177067,00:04:07
"125",2021-01-06 11:53:14,625.4,317,15.28409683,68.01178067,00:04:08
"126",2021-01-06 11:53:16,625.2,316,15.28407083,68.0117745,00:04:10
"127",2021-01-06 11:53:18,625.4,319,15.28408567,68.01177467,00:04:12
"128",2021-01-06 11:53:20,625.4,320,15.28408567,68.01177467,00:04:12
"129",2021-01-06 11:53:22,625.3,322,15.2840915,68.0117705,00:04:17
"130",2021-01-06 11:53:24,625.2,323,15.28411633,68.01179033,00:04:19
"131",2021-01-06 11:53:26,625.2,322,15.28408817,68.011792,00:04:21
"132",2021-01-06 11:53:28,625.1,321,15.2840735,68.01179267,00:04:22
"133",2021-01-06 11:53:30,625.2,318,15.28404433,68.01178267,00:04:24
"134",2021-01-06 11:53:32,625.3,318,15.2840465,68.01178533,00:04:26
"135",2021-01-06 11:53:34,625.3,317,15.2840045,68.01179967,00:04:28
"136",2021-01-06 11:53:36,625.3,317,15.28397333,68.01180067,00:04:32
"137",2021-01-06 11:53:38,625.4,315,15.2839765,68.01181117,00:04:34
"138",2021-01-06 11:53:40,625.4,321,15.28396583,68.01181067,00:04:35
"139",2021-01-06 11:53:42,625.4,319,15.28397033,68.0118045,00:04:37
"140",2021-01-06 11:53:44,625.4,325,15.2839465,68.01179883,00:04:39
"141",2021-01-06 11:53:46,625.5,324,15.28393467,68.01178817,00:04:41
"142",2021-01-06 11:53:48,625.6,329,15.2839355,68.0118,00:04:43
"143",2021-01-06 11:53:50,625.7,328,15.28392817,68.01179233,00:04:45
"144",2021-01-06 11:53:52,625.5,334,15.28393117,68.0117875,00:04:47
"145",2021-01-06 11:53:54,625.5,337,15.283901,68.01177583,00:04:49
"146",2021-01-06 11:53:56,625.4,336,15.2839375,68.01177183,00:04:50
"147",2021-01-06 11:53:58,625.3,338,15.28393717,68.01177867,00:04:52
"148",2021-01-06 11:54:00,625.4,332,15.28392133,68.01178333,00:04:54
"149",2021-01-06 11:54:02,625.3,336,15.28391533,68.01179083,00:04:58
"150",2021-01-06 11:54:04,625.4,346,15.28392717,68.01179433,NA
"151",2021-01-06 11:54:06,625.4,348,15.2839295,68.01180183,00:05:01
"152",2021-01-06 11:54:08,625.4,351,15.28393617,68.01180283,00:05:03
"153",2021-01-06 11:54:10,625.3,352,15.28399833,68.01180817,00:05:05
"154",2021-01-06 11:54:12,625.3,348,15.28405633,68.011817,00:05:07
"155",2021-01-06 11:54:14,625.4,352,15.28407867,68.01181367,00:05:09
"156",2021-01-06 11:54:15,625.4,354,15.28412517,68.0117995,00:05:11
"157",2021-01-06 11:54:18,625.6,1,15.28412517,68.0117995,00:05:11
"158",2021-01-06 11:54:20,625.5,358,15.2841225,68.01179033,00:05:15
"159",2021-01-06 11:54:22,625.5,355,15.28410867,68.01178567,00:05:16
"160",2021-01-06 11:54:24,625.5,353,15.2840975,68.0118055,00:05:18
"161",2021-01-06 11:54:26,625.4,350,15.2840645,68.0118075,00:05:20
"162",2021-01-06 11:54:28,625.5,349,15.28403917,68.011807,00:05:22
"163",2021-01-06 11:54:30,625.4,352,15.283965,68.01182633,00:05:26
"164",2021-01-06 11:54:32,625.4,356,15.28397183,68.0118415,00:05:28
"165",2021-01-06 11:54:34,625.6,353,15.283948,68.01184067,00:05:29
"166",2021-01-06 11:54:36,625.7,350,15.28391033,68.011846,00:05:31
"167",2021-01-06 11:54:38,625.7,347,15.28388217,68.01184467,00:05:33
"168",2021-01-06 11:54:40,625.7,349,15.2838615,68.01184833,00:05:35
"169",2021-01-06 11:54:42,625.5,349,15.28385617,68.01185,00:05:37
"170",2021-01-06 11:54:43,625.1,356,15.28384167,68.01185033,00:05:39
"171",2021-01-06 11:54:46,624.8,3,15.28383033,68.0118495,00:05:41
"172",2021-01-06 11:54:48,624.8,7,15.28383267,68.01185717,00:05:42
"173",2021-01-06 11:54:50,625.1,355,15.283843,68.01186083,00:05:44
"174",2021-01-06 11:54:52,625.2,356,15.28385283,68.011866,00:05:46
"175",2021-01-06 11:54:54,625.3,0,15.28388233,68.01187667,00:05:50
"176",2021-01-06 11:54:55,625.2,5,15.283895,68.0118775,00:05:52
"177",2021-01-06 11:54:58,625,9,15.28390517,68.011882,00:05:54
"178",2021-01-06 11:55:00,624.9,9,15.283918,68.01188617,00:05:55
"179",2021-01-06 11:55:02,624.9,6,15.28392983,68.01189083,00:05:57
"180",2021-01-06 11:55:04,625.1,0,15.28393333,68.01189017,00:05:59
"181",2021-01-06 11:55:06,625.2,358,15.2839335,68.0118935,00:06:01
"182",2021-01-06 11:55:07,625.3,356,15.2839385,68.01189417,00:06:03
"183",2021-01-06 11:55:10,625.4,356,15.2839425,68.01189917,00:06:05
"184",2021-01-06 11:55:12,625.3,359,15.2839465,68.01190417,00:06:07
"185",2021-01-06 11:55:14,625.4,359,15.2839485,68.011907,00:06:08
"186",2021-01-06 11:55:16,625.2,1,15.28395433,68.011907,00:06:10
"187",2021-01-06 11:55:18,625.2,358,15.28394333,68.01189833,00:06:12
"188",2021-01-06 11:55:20,625.2,1,15.283974,68.01189633,00:06:16
"189",2021-01-06 11:55:22,625.2,3,15.28398633,68.01189617,00:06:18
"190",2021-01-06 11:55:23,625.3,3,15.28400267,68.011898,00:06:20
"191",2021-01-06 11:55:26,625.3,359,15.28401917,68.0119015,00:06:21
"192",2021-01-06 11:55:28,625.3,1,15.28403667,68.01190567,00:06:23
"193",2021-01-06 11:55:30,625.4,2,15.28405167,68.011914,00:06:25
"194",2021-01-06 11:55:32,625.4,353,15.28405717,68.01191933,00:06:27
"195",2021-01-06 11:55:34,625.5,351,15.28405767,68.01192717,00:06:29
"196",2021-01-06 11:55:35,625.5,348,15.28405,68.0119325,00:06:31
"197",2021-01-06 11:55:38,625.4,343,15.2840405,68.01193983,00:06:33
"198",2021-01-06 11:55:40,625.4,341,15.2840415,68.011945,00:06:34
"199",2021-01-06 11:55:42,625.3,342,15.2840415,68.01195033,00:06:36
"200",2021-01-06 11:55:44,625.2,339,15.284026,68.01194633,00:06:38
"201",2021-01-06 11:55:46,625.3,337,15.28405483,68.01195483,00:06:42
"202",2021-01-06 11:55:48,625.3,336,15.28405067,68.01195967,00:06:44
"203",2021-01-06 11:55:50,625.4,337,15.284046,68.011965,00:06:46
"204",2021-01-06 11:55:52,625.4,337,15.28403483,68.01196983,00:06:47
"205",2021-01-06 11:55:54,625.4,334,15.2840265,68.01197517,00:06:49
"206",2021-01-06 11:55:56,625.5,332,15.284022,68.01197917,00:06:51
"207",2021-01-06 11:55:58,625.6,328,15.284009,68.0119835,00:06:53
"208",2021-01-06 11:56:00,625.7,327,15.283995,68.0119865,00:06:55
"209",2021-01-06 11:56:02,625.6,332,15.28398233,68.0119875,00:06:57
"210",2021-01-06 11:56:04,625.4,331,15.2839695,68.0119895,00:06:58
"211",2021-01-06 11:56:06,625.3,335,15.28395767,68.01199283,00:07:00
"212",2021-01-06 11:56:08,625.1,336,15.2839335,68.01199517,00:07:02
"213",2021-01-06 11:56:10,625.1,338,15.2839405,68.0120105,00:07:04
"214",2021-01-06 11:56:12,625.1,334,15.28392417,68.01200533,00:07:08
"215",2021-01-06 11:56:14,625.1,334,15.28392717,68.01201783,00:07:10
"216",2021-01-06 11:56:16,625.1,331,15.283956,68.01202417,00:07:11
"217",2021-01-06 11:56:18,625.2,331,15.28397967,68.012041,00:07:13
"218",2021-01-06 11:56:20,625.4,337,15.28397317,68.01203567,00:07:15
"219",2021-01-06 11:56:22,625.4,340,15.28397117,68.01206117,00:07:17
"220",2021-01-06 11:56:24,625.4,339,15.28393317,68.012074,00:07:19
"221",2021-01-06 11:56:26,625.7,340,15.28396983,68.01207867,00:07:21
"222",2021-01-06 11:56:28,625.5,341,15.28394983,68.01207583,00:07:23
"223",2021-01-06 11:56:30,625.4,343,15.28394483,68.01208433,00:07:24
"224",2021-01-06 11:56:32,625.4,342,15.283921,68.01208133,00:07:26
"225",2021-01-06 11:56:34,625.4,334,15.28389883,68.01208083,00:07:28
"226",2021-01-06 11:56:36,625.4,332,15.28378967,68.01207583,00:07:32
"227",2021-01-06 11:56:38,625.4,329,15.28378183,68.0120715,00:07:34
"228",2021-01-06 11:56:40,625.4,323,15.28377433,68.01207033,00:07:36
"229",2021-01-06 11:56:42,625.2,328,15.28376633,68.012065,00:07:37
"230",2021-01-06 11:56:44,625.3,325,15.28376633,68.01206133,00:07:39
"231",2021-01-06 11:56:46,625.3,326,15.28376917,68.01205683,00:07:41
"232",2021-01-06 11:56:48,625.1,326,15.28376883,68.01205183,00:07:43
"233",2021-01-06 11:56:50,625.3,324,15.28376883,68.01205183,00:07:43
"234",2021-01-06 11:56:52,625.3,320,15.28376233,68.012046,00:07:48
"235",2021-01-06 11:56:54,625.4,325,15.2837655,68.01204583,00:07:50
"236",2021-01-06 11:56:56,625.7,326,15.28376967,68.012047,00:07:52
"237",2021-01-06 11:56:58,625.7,330,15.28376417,68.0120485,00:07:53
"238",2021-01-06 11:57:00,625.6,335,15.28376883,68.01205217,00:07:55
"239",2021-01-06 11:57:02,625.6,336,15.28377133,68.0120535,00:07:57
"240",2021-01-06 11:57:04,625.4,334,15.28377283,68.01205667,00:07:59
"241",2021-01-06 11:57:06,625.2,333,15.28377617,68.01205633,00:08:01
"242",2021-01-06 11:57:08,625.1,332,15.28378583,68.01205767,00:08:03
"243",2021-01-06 11:57:10,625.1,332,15.283792,68.01206067,00:08:05
"244",2021-01-06 11:57:12,625.2,337,15.28379667,68.0120635,00:08:06
"245",2021-01-06 11:57:14,625.1,337,15.28380883,68.012067,00:08:08
"246",2021-01-06 11:57:16,625.3,339,15.2838125,68.012074,00:08:10
"247",2021-01-06 11:57:18,625.2,342,15.28381483,68.012087,00:08:14
"248",2021-01-06 11:57:20,625.1,342,15.283824,68.01209133,00:08:16
"249",2021-01-06 11:57:22,625.1,342,15.283823,68.01209667,00:08:18
"250",2021-01-06 11:57:24,625,344,15.28382133,68.01209917,00:08:19
"251",2021-01-06 11:57:26,624.7,345,15.283822,68.01210167,00:08:21
"252",2021-01-06 11:57:28,624.7,352,15.28381983,68.01210417,00:08:23
"253",2021-01-06 11:57:30,624.8,345,15.28382267,68.01210683,00:08:25
"254",2021-01-06 11:57:31,624.9,346,15.28382333,68.01211,00:08:27
"255",2021-01-06 11:57:34,625,345,15.28382117,68.01210967,00:08:29
"256",2021-01-06 11:57:36,625.1,341,15.28382283,68.01211217,00:08:30
"257",2021-01-06 11:57:38,625.2,338,15.2838195,68.01211717,00:08:32
"258",2021-01-06 11:57:40,625.1,343,15.2838185,68.01211967,00:08:34
"259",2021-01-06 11:57:42,625.4,345,15.28381167,68.01212667,00:08:36
"260",2021-01-06 11:57:44,625.2,346,15.28381167,68.01212667,00:08:36
"261",2021-01-06 11:57:46,625.2,342,15.283778,68.01213167,00:08:41
"262",2021-01-06 11:57:48,625.4,344,15.28379583,68.01214067,00:08:43
"263",2021-01-06 11:57:50,625.2,343,15.2838015,68.01214733,00:08:45
"264",2021-01-06 11:57:52,625.2,351,15.2838095,68.012152,00:08:46
"265",2021-01-06 11:57:54,625.1,353,15.28381717,68.01215517,00:08:48
"266",2021-01-06 11:57:56,625.1,347,15.28382783,68.01215883,00:08:50
"267",2021-01-06 11:57:58,625.1,348,15.28383017,68.012169,00:08:54
"268",2021-01-06 11:58:00,625.1,354,15.28382417,68.012174,00:08:56
"269",2021-01-06 11:58:02,625,330,15.28382783,68.01217833,00:08:58
"270",2021-01-06 11:58:04,624.9,339,15.283832,68.01218217,00:08:59
"271",2021-01-06 11:58:06,625,325,15.283832,68.01218667,00:09:01
"272",2021-01-06 11:58:08,625.3,338,15.28383,68.01219333,00:09:03
"273",2021-01-06 11:58:10,625.7,335,15.28380383,68.0122,00:09:05
"274",2021-01-06 11:58:12,626,330,15.28378417,68.01220383,00:09:07
"275",2021-01-06 11:58:14,626.1,331,15.283767,68.01220967,00:09:09
"276",2021-01-06 11:58:16,625.8,340,15.28376167,68.01221367,00:09:11
"277",2021-01-06 11:58:18,625.5,340,15.28375017,68.01221667,00:09:12
"278",2021-01-06 11:58:20,625.4,336,15.28373783,68.01221933,00:09:14
"279",2021-01-06 11:58:22,625.1,340,15.2837285,68.01222233,00:09:16
"280",2021-01-06 11:58:24,625.4,331,15.283711,68.0122275,00:09:20
"281",2021-01-06 11:58:26,625.5,325,15.283703,68.01223067,00:09:22
"282",2021-01-06 11:58:28,625.7,325,15.28368817,68.01223217,00:09:24
"283",2021-01-06 11:58:30,625.5,327,15.283681,68.01223467,00:09:25
"284",2021-01-06 11:58:32,625.4,327,15.28367767,68.01223917,00:09:27
"285",2021-01-06 11:58:34,625.4,329,15.283674,68.0122445,00:09:29
"286",2021-01-06 11:58:36,625.4,327,15.28366883,68.01224783,00:09:31
"287",2021-01-06 11:58:38,625.5,325,15.28366567,68.01225017,00:09:33
"288",2021-01-06 11:58:40,625.5,330,15.28366583,68.01225283,00:09:35
"289",2021-01-06 11:58:42,625.5,335,15.2836535,68.0122555,00:09:37
"290",2021-01-06 11:58:44,625.5,322,15.2836575,68.01225783,00:09:38
"291",2021-01-06 11:58:46,625.6,327,15.28366133,68.01226083,00:09:40
"292",2021-01-06 11:58:48,625.5,330,15.283664,68.0122665,00:09:44
"293",2021-01-06 11:58:50,625.5,342,15.28365483,68.01226883,00:09:46
"294",2021-01-06 11:58:52,625.4,338,15.28364733,68.01227017,00:09:48
"295",2021-01-06 11:58:54,625.4,337,15.283632,68.01227,00:09:50
"296",2021-01-06 11:58:56,625.4,335,15.28361733,68.012272,00:09:51
"297",2021-01-06 11:58:58,625.4,331,15.28361017,68.01227467,00:09:53
"298",2021-01-06 11:59:00,625.4,341,15.28361283,68.01227783,00:09:55
"299",2021-01-06 11:59:02,625.5,340,15.28361317,68.0122765,00:09:57
"300",2021-01-06 11:59:04,625.5,351,15.2836165,68.01227383,00:09:59
"301",2021-01-06 11:59:06,625.4,343,15.2836195,68.012273,00:10:01
"302",2021-01-06 11:59:08,625.5,343,15.283622,68.012272,00:10:03
"303",2021-01-06 11:59:10,625.5,334,15.28362817,68.0122755,00:10:04
"304",2021-01-06 11:59:12,625.7,340,15.28363117,68.01227867,00:10:06
"305",2021-01-06 11:59:14,625.7,346,15.28363583,68.01228317,00:10:10
"306",2021-01-06 11:59:16,625.6,342,15.2836375,68.01228733,00:10:12
"307",2021-01-06 11:59:18,625.6,339,15.28364067,68.01229233,00:10:14
"308",2021-01-06 11:59:20,625.7,339,15.28364017,68.01229767,00:10:16
"309",2021-01-06 11:59:22,625.6,342,15.28363567,68.01230583,00:10:17
"310",2021-01-06 11:59:24,625.7,348,15.28363267,68.01231283,00:10:19
"311",2021-01-06 11:59:26,625.7,341,15.28363667,68.01231567,00:10:21
"312",2021-01-06 11:59:28,626,341,15.28363167,68.0123175,00:10:23
"313",2021-01-06 11:59:30,626.1,338,15.28363317,68.01231783,00:10:25
"314",2021-01-06 11:59:32,626.1,347,15.28363917,68.01231933,00:10:27
"315",2021-01-06 11:59:34,626.1,342,15.283633,68.01231883,00:10:29
"316",2021-01-06 11:59:36,626.1,341,15.2836265,68.0123175,00:10:30
"317",2021-01-06 11:59:38,626.1,339,15.28362417,68.01231933,00:10:32
"318",2021-01-06 11:59:40,626.1,342,15.28362283,68.0123195,00:10:36
"319",2021-01-06 11:59:42,626,340,15.28361717,68.01232117,00:10:38
"320",2021-01-06 11:59:44,625.8,336,15.28361317,68.01232333,00:10:40
"321",2021-01-06 11:59:46,625.9,341,15.283609,68.012325,00:10:41
"322",2021-01-06 11:59:48,625.8,347,15.28360067,68.01232983,00:10:43
"323",2021-01-06 11:59:50,625.7,344,15.28360517,68.01233167,00:10:45
"324",2021-01-06 11:59:52,625.7,343,15.28360633,68.012334,00:10:47
"325",2021-01-06 11:59:54,625.7,347,15.28359717,68.01233767,00:10:49
"326",2021-01-06 11:59:56,625.7,343,15.28359233,68.012338,00:10:51
"327",2021-01-06 11:59:58,625.7,347,15.28358383,68.01234333,00:10:53
"328",2021-01-06 12:00:00,625.7,336,15.28359533,68.01233883,00:10:55
"329",2021-01-06 12:00:02,625.7,347,15.28360083,68.01233667,00:10:56
"330",2021-01-06 12:00:04,625.7,335,15.28360017,68.01233617,00:10:58
"331",2021-01-06 12:00:06,625.7,340,15.28359683,68.01232883,00:11:02
"332",2021-01-06 12:00:08,625.7,339,15.2836005,68.0123265,00:11:04
"333",2021-01-06 12:00:10,625.7,335,15.28360917,68.012327,00:11:06
"334",2021-01-06 12:00:12,625.7,341,15.2836205,68.01232883,00:11:07
"335",2021-01-06 12:00:14,625.6,351,15.2836275,68.01233267,00:11:09
"336",2021-01-06 12:00:16,625.5,355,15.28363583,68.01233617,00:11:11
"337",2021-01-06 12:00:18,625.4,353,15.28364333,68.01233867,00:11:13
"338",2021-01-06 12:00:20,625.5,357,15.28365283,68.01234433,00:11:15
"339",2021-01-06 12:00:22,625.5,358,15.28364433,68.0123535,00:11:17
"340",2021-01-06 12:00:24,625.5,345,15.28363567,68.01236233,00:11:19
"341",2021-01-06 12:00:26,625.6,339,15.28362683,68.01237383,00:11:20
"342",2021-01-06 12:00:28,625.7,329,15.28361433,68.01238233,00:11:22
"343",2021-01-06 12:00:30,626,327,15.28360683,68.0123885,00:11:24
"344",2021-01-06 12:00:32,625.9,329,15.28357617,68.0123955,00:11:28
"345",2021-01-06 12:00:34,626,330,15.28355467,68.01239517,00:11:30
"346",2021-01-06 12:00:36,625.9,325,15.28352067,68.01241,00:11:32
"347",2021-01-06 12:00:38,625.9,328,15.28350833,68.012424,00:11:33
"348",2021-01-06 12:00:40,625.9,327,15.28351567,68.012414,00:11:35
"349",2021-01-06 12:00:42,625.9,331,15.28355383,68.01242033,00:11:37
"350",2021-01-06 12:00:44,626,326,15.283613,68.01242367,00:11:39
"351",2021-01-06 12:00:46,626.1,326,15.28370167,68.012409,00:11:41
"352",2021-01-06 12:00:48,626,327,15.28369933,68.01240533,00:11:43
"353",2021-01-06 12:00:50,626,330,15.28372183,68.01239367,00:11:45
"354",2021-01-06 12:00:52,626,327,15.283678,68.01241017,00:11:46
"355",2021-01-06 12:00:54,625.9,331,15.28363133,68.01241033,00:11:48
"356",2021-01-06 12:00:56,625.8,328,15.2836215,68.01241767,00:11:50
"357",2021-01-06 12:00:58,625.8,325,15.28355267,68.012428,00:11:54
"358",2021-01-06 12:01:00,626,327,15.2834945,68.01242833,00:11:56
"359",2021-01-06 12:01:02,626.1,323,15.28347783,68.01242783,00:11:58
"360",2021-01-06 12:01:04,626.1,323,15.28346483,68.01242833,00:11:59
"361",2021-01-06 12:01:06,626,326,15.28345383,68.012439,00:12:01
"362",2021-01-06 12:01:08,626.1,323,15.28346267,68.01242433,00:12:03
"363",2021-01-06 12:01:10,626.1,326,15.28343317,68.012435,00:12:05
"364",2021-01-06 12:01:12,626,329,15.283425,68.0124335,00:12:07
"365",2021-01-06 12:01:14,625.9,328,15.283401,68.01243583,00:12:09
"366",2021-01-06 12:01:16,626,328,15.2833525,68.01244167,00:12:10
"367",2021-01-06 12:01:18,626.1,332,15.28331967,68.01243783,00:12:12
"368",2021-01-06 12:01:20,626,330,15.2833045,68.012433,00:12:14
"369",2021-01-06 12:01:22,626,332,15.283258,68.0124275,00:12:18
"370",2021-01-06 12:01:24,626.1,330,15.28325833,68.01242733,00:12:20
"371",2021-01-06 12:01:26,626.1,329,15.28324633,68.01242133,00:12:22
"372",2021-01-06 12:01:28,626.1,332,15.28323583,68.01242433,00:12:23
"373",2021-01-06 12:01:30,626,338,15.28322683,68.01242733,00:12:25
"374",2021-01-06 12:01:32,625.9,343,15.28322933,68.012426,00:12:27
"375",2021-01-06 12:01:34,625.7,348,15.28323917,68.01242867,00:12:29
"376",2021-01-06 12:01:36,625.4,355,15.2832415,68.0124315,00:12:31
"377",2021-01-06 12:01:38,625.4,359,15.28323383,68.01244267,00:12:33
"378",2021-01-06 12:01:40,625.5,353,15.28324333,68.01245433,00:12:35
"379",2021-01-06 12:01:42,625.4,4,15.28323867,68.01247217,00:12:36
"380",2021-01-06 12:01:44,625.5,0,15.28325117,68.012475,00:12:38
"381",2021-01-06 12:01:46,625.7,3,15.28327633,68.0124835,00:12:40
"382",2021-01-06 12:01:48,625.7,359,15.28330917,68.0124935,00:12:44
"383",2021-01-06 12:01:50,625.8,2,15.28331083,68.01248817,00:12:46
"384",2021-01-06 12:01:52,625.8,3,15.28332667,68.012487,00:12:48
"385",2021-01-06 12:01:54,625.7,0,15.283335,68.01247983,00:12:49
"386",2021-01-06 12:01:56,625.5,355,15.28333683,68.01248017,00:12:51
"387",2021-01-06 12:01:58,625.6,356,15.28333767,68.0124855,00:12:53
"388",2021-01-06 12:02:00,625.5,357,15.28334133,68.0124875,00:12:55
"389",2021-01-06 12:02:02,625.4,354,15.283336,68.01249483,00:12:57
"390",2021-01-06 12:02:04,625.4,359,15.283316,68.01249567,00:12:59
"391",2021-01-06 12:02:06,625.4,358,15.28330783,68.0124965,00:13:01
"392",2021-01-06 12:02:08,625.4,356,15.283307,68.012494,00:13:02
"393",2021-01-06 12:02:10,625.4,0,15.2833055,68.012498,00:13:04
"394",2021-01-06 12:02:12,625.4,6,15.28329767,68.01250117,00:13:06
"395",2021-01-06 12:02:14,625.4,2,15.28328333,68.01251217,00:13:10
"396",2021-01-06 12:02:16,625.4,3,15.2832975,68.01251633,00:13:12
"397",2021-01-06 12:02:18,625.5,358,15.28330367,68.0125195,00:13:14
"398",2021-01-06 12:02:20,625.7,1,15.28329783,68.01251917,00:13:15
"399",2021-01-06 12:02:22,625.7,356,15.2832975,68.01251133,00:13:17
"400",2021-01-06 12:02:24,625.7,2,15.28331333,68.0125015,00:13:19
"401",2021-01-06 12:02:26,625.7,355,15.28330467,68.0125,00:13:21
"402",2021-01-06 12:02:28,625.7,356,15.28330667,68.01249567,00:13:23
"403",2021-01-06 12:02:30,625.8,351,15.28330783,68.0124925,00:13:25
"404",2021-01-06 12:02:32,625.7,0,15.28331933,68.01248483,00:13:27
"405",2021-01-06 12:02:34,625.6,358,15.283328,68.01248267,00:13:28
"406",2021-01-06 12:02:36,625.5,353,15.283329,68.01248317,00:13:30
"407",2021-01-06 12:02:38,625.6,359,15.28330017,68.0124835,00:13:34
"408",2021-01-06 12:02:40,625.7,356,15.283259,68.01248833,00:13:36
"409",2021-01-06 12:02:42,625.6,2,15.28325383,68.01249817,00:13:38
"410",2021-01-06 12:02:44,625.3,9,15.28324,68.01251,00:13:40
"411",2021-01-06 12:02:46,625.1,16,15.28324617,68.0125195,00:13:41
"412",2021-01-06 12:02:48,625,17,15.28321867,68.01253017,00:13:43
"413",2021-01-06 12:02:50,624.9,15,15.28321967,68.0125335,00:13:45
"414",2021-01-06 12:02:52,625.1,16,15.28324983,68.0125305,00:13:47
"415",2021-01-06 12:02:54,625.3,25,15.283245,68.012528,00:13:49
"416",2021-01-06 12:02:56,625.1,27,15.28322783,68.0125345,00:13:51
"417",2021-01-06 12:02:58,625.2,21,15.28322433,68.01254767,00:13:53
"418",2021-01-06 12:03:00,625.1,17,15.28324983,68.01254933,00:13:54
"419",2021-01-06 12:03:02,625.1,16,15.28326083,68.01255433,00:13:56
"420",2021-01-06 12:03:04,625.4,20,15.2832995,68.01256183,NA
"421",2021-01-06 12:03:06,625.6,14,15.28331117,68.01256967,00:14:02
"422",2021-01-06 12:03:08,625.5,25,15.28332067,68.01257733,00:14:04
"423",2021-01-06 12:03:10,625.5,25,15.28332767,68.01259,00:14:05
"424",2021-01-06 12:03:12,625.4,21,15.28337583,68.01259517,00:14:07
"425",2021-01-06 12:03:14,625.4,14,15.28338283,68.01260233,00:14:09
"426",2021-01-06 12:03:16,625.4,18,15.28341433,68.0126345,00:14:11
"427",2021-01-06 12:03:18,625.2,20,15.28337817,68.012628,00:14:13
"428",2021-01-06 12:03:20,625.2,17,15.28335283,68.012624,00:14:15
"429",2021-01-06 12:03:22,625.4,21,15.28334817,68.01264967,00:14:17
"430",2021-01-06 12:03:24,625.4,22,15.283259,68.01264383,00:14:18
"431",2021-01-06 12:03:26,625.4,15,15.28322383,68.01263667,00:14:20
"432",2021-01-06 12:03:28,625.4,16,15.28321633,68.01263133,00:14:22
"433",2021-01-06 12:03:30,625.2,11,15.28322267,68.01264683,00:14:26
"434",2021-01-06 12:03:32,625.1,14,15.283237,68.012651,00:14:28
"435",2021-01-06 12:03:34,625.1,7,15.28326067,68.01265083,00:14:30
"436",2021-01-06 12:03:36,625.1,19,15.28327667,68.01265067,00:14:31
"437",2021-01-06 12:03:38,625.2,9,15.28328517,68.01264917,00:14:33
"438",2021-01-06 12:03:40,625.4,13,15.2832995,68.012649,00:14:35
"439",2021-01-06 12:03:42,625.4,15,15.2833065,68.0126505,00:14:37
"440",2021-01-06 12:03:44,625.4,10,15.28332017,68.0126555,00:14:39
"441",2021-01-06 12:03:46,625.4,5,15.283334,68.01265717,00:14:41
"442",2021-01-06 12:03:48,625.3,5,15.28335567,68.012658,00:14:43
"443",2021-01-06 12:03:50,625.3,6,15.28336783,68.012659,00:14:44
"444",2021-01-06 12:03:52,625.2,1,15.28338033,68.0126575,00:14:46
"445",2021-01-06 12:03:54,625.1,357,15.28338617,68.012658,00:14:48
"446",2021-01-06 12:03:56,625.1,1,15.28341017,68.01265833,00:14:52
"447",2021-01-06 12:03:58,625.1,358,15.28341983,68.01265933,00:14:54
"448",2021-01-06 12:04:00,625.1,355,15.28342133,68.01266133,00:14:56
"449",2021-01-06 12:04:02,625,354,15.28341817,68.01267067,00:14:57
"450",2021-01-06 12:04:04,625.1,356,15.28341367,68.01267767,00:14:59
"451",2021-01-06 12:04:06,624.9,345,15.28341117,68.0126865,00:15:01
"452",2021-01-06 12:04:08,624.8,346,15.283406,68.01269467,00:15:03
"453",2021-01-06 12:04:10,624.7,331,15.28340383,68.0127,00:15:05
"454",2021-01-06 12:04:12,624.7,334,15.28340233,68.01270517,00:15:07
"455",2021-01-06 12:04:14,624.5,338,15.283402,68.0127095,00:15:09
"456",2021-01-06 12:04:16,624.6,333,15.2834085,68.012711,00:15:10
"457",2021-01-06 12:04:18,624.5,337,15.283426,68.0127145,00:15:12
"458",2021-01-06 12:04:20,624.8,340,15.28344267,68.01272383,00:15:16
"459",2021-01-06 12:04:22,625,335,15.28345517,68.01272667,00:15:18
"460",2021-01-06 12:04:24,625.1,331,15.28345583,68.01273033,00:15:20
"461",2021-01-06 12:04:26,625.2,329,15.28345383,68.012737,00:15:21
"462",2021-01-06 12:04:28,625.2,318,15.283445,68.0127425,00:15:23
"463",2021-01-06 12:04:30,625.1,313,15.28343367,68.012747,00:15:25
"464",2021-01-06 12:04:32,625.2,314,15.28342183,68.01275,00:15:27
"465",2021-01-06 12:04:34,625.2,321,15.2834095,68.012752,00:15:29
"466",2021-01-06 12:04:36,625.4,323,15.283401,68.01275317,00:15:31
"467",2021-01-06 12:04:38,625.1,315,15.2833905,68.01275167,00:15:33
"468",2021-01-06 12:04:40,625.1,317,15.2833715,68.012749,00:15:34
"469",2021-01-06 12:04:42,625.1,321,15.28336217,68.01274533,00:15:36
"470",2021-01-06 12:04:44,625.2,321,15.2833575,68.01274017,00:15:38
"471",2021-01-06 12:04:46,625.4,321,15.2833335,68.01272983,00:15:42
"472",2021-01-06 12:04:48,625.4,318,15.283331,68.01272667,00:15:44
"473",2021-01-06 12:04:50,625.4,320,15.2833245,68.01272517,00:15:46
"474",2021-01-06 12:04:52,625.6,330,15.283332,68.012724,00:15:47
"475",2021-01-06 12:04:54,625.7,320,15.28333117,68.01272533,00:15:49
"476",2021-01-06 12:04:56,625.7,320,15.2833155,68.01272767,00:15:51
"477",2021-01-06 12:04:58,625.9,311,15.28330633,68.01272717,00:15:53
"478",2021-01-06 12:05:00,625.8,307,15.28330367,68.01272783,00:15:55
"479",2021-01-06 12:05:02,625.7,309,15.28330767,68.01272917,00:15:57
"480",2021-01-06 12:05:04,625.7,310,15.28330217,68.01273233,00:15:59
"481",2021-01-06 12:05:06,625.8,311,15.283298,68.0127345,00:16:00
"482",2021-01-06 12:05:08,625.9,307,15.28328583,68.01273667,00:16:02
"483",2021-01-06 12:05:10,625.8,310,15.28327383,68.012737,00:16:04
"484",2021-01-06 12:05:12,625.7,315,15.2832565,68.01274367,00:16:08
"485",2021-01-06 12:05:14,625.8,314,15.28324867,68.01274683,00:16:10
"486",2021-01-06 12:05:16,625.7,311,15.28324317,68.01275,00:16:12
"487",2021-01-06 12:05:18,625.7,312,15.2832295,68.01275333,00:16:13
"488",2021-01-06 12:05:20,625.6,312,15.28322283,68.01275667,00:16:15
"489",2021-01-06 12:05:22,625.7,312,15.2832075,68.01275933,00:16:17
"490",2021-01-06 12:05:24,625.6,311,15.28320017,68.012763,00:16:19
"491",2021-01-06 12:05:26,625.4,310,15.28319917,68.01276683,00:16:21
"492",2021-01-06 12:05:28,625.4,310,15.28319233,68.01276983,00:16:23
"493",2021-01-06 12:05:30,625.6,307,15.28317767,68.01277467,00:16:25
"494",2021-01-06 12:05:32,625.6,300,15.28317117,68.01277833,00:16:26
"495",2021-01-06 12:05:34,625.7,304,15.28317317,68.01277933,00:16:28
"496",2021-01-06 12:05:36,625.8,309,15.28316117,68.01277567,00:16:32
"497",2021-01-06 12:05:38,625.7,309,15.28314133,68.01278233,00:16:34
"498",2021-01-06 12:05:40,625.8,307,15.28313567,68.0127855,00:16:36
"499",2021-01-06 12:05:42,625.8,304,15.28313467,68.01278333,00:16:37
"500",2021-01-06 12:05:44,625.9,300,15.28313033,68.012789,00:16:39
"501",2021-01-06 12:05:46,625.7,307,15.2831375,68.01279317,00:16:41
"502",2021-01-06 12:05:48,625.7,306,15.28312217,68.01279217,00:16:43
"503",2021-01-06 12:05:50,625.6,307,15.2831165,68.0127905,00:16:45
"504",2021-01-06 12:05:52,625.4,316,15.28314767,68.01279083,00:16:47
"505",2021-01-06 12:05:54,625.4,312,15.28310767,68.012775,00:16:49
"506",2021-01-06 12:05:56,625.3,310,15.28311833,68.01277583,00:16:50
"507",2021-01-06 12:05:58,625.3,313,15.28309283,68.01278233,00:16:52
"508",2021-01-06 12:06:00,625.3,314,15.2830965,68.01278283,00:16:54
"509",2021-01-06 12:06:02,625.3,309,15.28309667,68.01281233,00:16:58
"510",2021-01-06 12:06:04,625,314,15.28307783,68.01281967,NA
"511",2021-01-06 12:06:06,625.1,322,15.28308267,68.0128205,00:17:02
"512",2021-01-06 12:06:08,625.1,322,15.283058,68.012815,00:17:03
"513",2021-01-06 12:06:10,625.2,325,15.28304733,68.01281367,00:17:05
"514",2021-01-06 12:06:12,625.2,318,15.28305317,68.012812,00:17:07
"515",2021-01-06 12:06:14,625.2,333,15.283021,68.0128065,00:17:09
"516",2021-01-06 12:06:16,625.3,329,15.2830135,68.012805,00:17:11
"517",2021-01-06 12:06:18,625.1,333,15.28303883,68.01279333,00:17:13
"518",2021-01-06 12:06:20,625.1,335,15.28304117,68.012797,00:17:15
"519",2021-01-06 12:06:22,624.9,332,15.28306567,68.01279967,00:17:16
"520",2021-01-06 12:06:24,624.8,329,15.2830375,68.0128095,00:17:18
"521",2021-01-06 12:06:26,624.8,326,15.282999,68.01280633,00:17:22
"522",2021-01-06 12:06:28,624.8,322,15.28299583,68.0128025,00:17:24
"523",2021-01-06 12:06:30,624.8,334,15.28299567,68.01280133,00:17:26
"524",2021-01-06 12:06:32,624.9,332,15.28299583,68.01279583,00:17:27
"525",2021-01-06 12:06:34,625,336,15.2830195,68.01279217,00:17:29
"526",2021-01-06 12:06:36,624.9,328,15.2830355,68.012787,00:17:31
"527",2021-01-06 12:06:38,624.8,341,15.2830415,68.01278633,00:17:33
"528",2021-01-06 12:06:40,624.9,333,15.28304733,68.01278633,00:17:35
"529",2021-01-06 12:06:42,625,330,15.283057,68.01278817,00:17:37
"530",2021-01-06 12:06:44,624.9,332,15.2830695,68.012787,00:17:39
"531",2021-01-06 12:06:46,624.8,328,15.28307817,68.01278733,00:17:41
"532",2021-01-06 12:06:48,624.8,336,15.2830925,68.01278633,00:17:42
"533",2021-01-06 12:06:50,624.7,329,15.28309533,68.01278967,00:17:44
"534",2021-01-06 12:06:52,624.8,335,15.2831125,68.01279567,00:17:48
"535",2021-01-06 12:06:54,624.8,339,15.28312033,68.01279933,00:17:50
"536",2021-01-06 12:06:56,624.8,343,15.2831275,68.01280267,00:17:52
"537",2021-01-06 12:06:58,624.8,337,15.28314267,68.01280483,00:17:54
"538",2021-01-06 12:07:00,624.7,341,15.28315067,68.01280817,00:17:55
"539",2021-01-06 12:07:02,624.7,340,15.28316633,68.01281283,00:17:57
"540",2021-01-06 12:07:04,624.7,339,15.2831765,68.0128175,00:17:59
"541",2021-01-06 12:07:06,624.5,344,15.28318167,68.012821,00:18:01
"542",2021-01-06 12:07:08,624.7,342,15.283188,68.01282317,00:18:03
"543",2021-01-06 12:07:10,624.7,346,15.28318517,68.012824,00:18:05
"544",2021-01-06 12:07:12,624.6,337,15.28317333,68.01282683,00:18:07
"545",2021-01-06 12:07:14,624.7,341,15.28316767,68.01282817,00:18:08
"546",2021-01-06 12:07:16,624.8,340,15.28316467,68.01282683,00:18:10
"547",2021-01-06 12:07:18,624.9,343,15.28316633,68.01282383,00:18:14
"548",2021-01-06 12:07:20,625,338,15.28316817,68.01282367,00:18:16
"549",2021-01-06 12:07:22,625.2,347,15.28317283,68.01282317,00:18:18
"550",2021-01-06 12:07:24,625.2,324,15.2831755,68.01282733,00:18:19
"551",2021-01-06 12:07:26,625.4,342,15.2831755,68.01283317,00:18:21
"552",2021-01-06 12:07:28,625.6,326,15.28316683,68.012841,00:18:23
"553",2021-01-06 12:07:30,625.7,324,15.283163,68.012846,00:18:25
"554",2021-01-06 12:07:32,625.7,328,15.28315117,68.0128495,00:18:27
"555",2021-01-06 12:07:34,625.7,326,15.28314367,68.012853,00:18:29
"556",2021-01-06 12:07:36,625.5,328,15.2831435,68.01285817,00:18:31
"557",2021-01-06 12:07:38,625.6,329,15.28312867,68.01286433,00:18:32
"558",2021-01-06 12:07:40,625.7,329,15.2831105,68.01287067,00:18:34
"559",2021-01-06 12:07:42,625.9,324,15.28309883,68.01287833,00:18:36
"560",2021-01-06 12:07:44,626,324,15.28306867,68.01289433,00:18:40
"561",2021-01-06 12:07:46,626,327,15.2830525,68.01289733,00:18:42
"562",2021-01-06 12:07:48,626,323,15.28302667,68.01290267,00:18:44
"563",2021-01-06 12:07:50,626.1,323,15.28299317,68.01290633,00:18:45
"564",2021-01-06 12:07:52,626.2,332,15.28299317,68.01290633,00:18:45
"565",2021-01-06 12:07:54,626.3,324,15.28299317,68.01290633,00:18:45
"566",2021-01-06 12:07:56,626.3,321,15.28299317,68.01290633,00:18:45
"567",2021-01-06 12:07:58,626.2,330,15.28290917,68.01289333,00:18:54
"568",2021-01-06 12:08:00,626.1,329,15.28291367,68.0128985,00:18:56
"569",2021-01-06 12:08:02,626.1,326,15.282899,68.01288667,00:18:58
"570",2021-01-06 12:08:04,626.1,324,15.28288833,68.012882,00:18:59
"571",2021-01-06 12:08:06,626,326,15.2828765,68.01288533,00:19:01
"572",2021-01-06 12:08:08,626.1,323,15.28287717,68.01288983,00:19:03
"573",2021-01-06 12:08:10,626,324,15.2829025,68.01288917,00:19:05
"574",2021-01-06 12:08:12,626.1,326,15.28287883,68.01289117,00:19:07
"575",2021-01-06 12:08:14,626,324,15.28284717,68.01289183,00:19:09
"576",2021-01-06 12:08:16,626,329,15.28285333,68.01288817,00:19:11
"577",2021-01-06 12:08:18,626.1,329,15.282843,68.0128895,00:19:12
"578",2021-01-06 12:08:20,626.1,327,15.28285467,68.012888,00:19:14
"579",2021-01-06 12:08:22,626.1,327,15.282859,68.01289333,00:19:18
"580",2021-01-06 12:08:24,626,333,15.282854,68.01288683,00:19:20
"581",2021-01-06 12:08:26,625.8,328,15.28286533,68.012892,00:19:22
"582",2021-01-06 12:08:28,625.9,325,15.282851,68.01289333,00:19:24
"583",2021-01-06 12:08:30,626.1,326,15.28284267,68.01289933,00:19:25
"584",2021-01-06 12:08:32,626.1,334,15.28285417,68.01291233,00:19:27
"585",2021-01-06 12:08:34,626,344,15.28284883,68.01293583,00:19:29
"586",2021-01-06 12:08:36,626,341,15.28284983,68.01294267,00:19:31
"587",2021-01-06 12:08:38,625.8,341,15.28284833,68.01293733,00:19:33
"588",2021-01-06 12:08:40,625.9,342,15.28284233,68.012941,00:19:35
"589",2021-01-06 12:08:42,625.8,339,15.282823,68.01294883,00:19:37
"590",2021-01-06 12:08:44,625.7,340,15.28286383,68.0129735,00:19:38
"591",2021-01-06 12:08:46,625.8,341,15.28286017,68.012971,00:19:40
"592",2021-01-06 12:08:48,625.8,341,15.28278567,68.01299517,00:19:44
"593",2021-01-06 12:08:50,625.7,342,15.28276233,68.01298717,00:19:46
"594",2021-01-06 12:08:52,625.8,340,15.282767,68.0129865,00:19:48
"595",2021-01-06 12:08:54,625.7,346,15.2827255,68.01298233,00:19:49
"596",2021-01-06 12:08:56,625.6,345,15.28270283,68.01298367,00:19:51
"597",2021-01-06 12:08:58,625.6,337,15.28267783,68.0129795,00:19:53
"598",2021-01-06 12:09:00,625.7,336,15.2827385,68.01297167,00:19:55
"599",2021-01-06 12:09:02,625.7,345,15.28283567,68.01295967,00:19:57
"600",2021-01-06 12:09:04,625.7,348,15.28289317,68.01294917,00:19:59
"601",2021-01-06 12:09:06,625.6,349,15.2829935,68.01297617,00:20:01
"602",2021-01-06 12:09:08,625.4,346,15.28299233,68.0129835,00:20:02
"603",2021-01-06 12:09:10,625.3,344,15.28294617,68.01298367,00:20:04
"604",2021-01-06 12:09:12,625.2,349,15.28289517,68.0129865,00:20:06
"605",2021-01-06 12:09:14,625.4,350,15.28281583,68.01298317,00:20:10
"606",2021-01-06 12:09:16,625.5,346,15.28277533,68.0129715,00:20:12
"607",2021-01-06 12:09:18,625.6,342,15.28277533,68.0129715,00:20:12
"608",2021-01-06 12:09:20,625.7,344,15.28275933,68.01298167,00:20:16
"609",2021-01-06 12:09:22,625.7,345,15.28275067,68.013001,00:20:18
"610",2021-01-06 12:09:24,625.7,341,15.28277617,68.01301167,00:20:19
"611",2021-01-06 12:09:26,625.7,346,15.28275017,68.01302567,00:20:21
"612",2021-01-06 12:09:28,625.6,344,15.282767,68.0130395,00:20:23
"613",2021-01-06 12:09:30,625.7,338,15.282772,68.01305883,00:20:25
"614",2021-01-06 12:09:32,625.7,348,15.282794,68.01307967,00:20:27
"615",2021-01-06 12:09:34,625.7,339,15.28283017,68.01308483,00:20:29
"616",2021-01-06 12:09:36,625.7,342,15.28283017,68.01308483,00:20:29
"617",2021-01-06 12:09:38,625.8,336,15.28286483,68.013057,00:20:32
"618",2021-01-06 12:09:40,626.1,341,15.28284833,68.01304933,00:20:34
"619",2021-01-06 12:09:42,626.2,341,15.282843,68.01305117,00:20:38
"620",2021-01-06 12:09:44,626.3,341,15.28282967,68.01305367,00:20:40
"621",2021-01-06 12:09:46,626.1,343,15.28282733,68.01305733,00:20:42
"622",2021-01-06 12:09:48,626.1,344,15.28280967,68.01305883,00:20:43
"623",2021-01-06 12:09:50,626,348,15.28276433,68.01305433,00:20:45
"624",2021-01-06 12:09:52,626,349,15.28273633,68.013056,00:20:47
"625",2021-01-06 12:09:54,626.1,352,15.28269033,68.01306733,00:20:49
"626",2021-01-06 12:09:56,626.1,349,15.282663,68.0130775,00:20:51
"627",2021-01-06 12:09:58,626,353,15.282639,68.0130795,00:20:53
"628",2021-01-06 12:10:00,625.7,359,15.282634,68.01309167,00:20:55
"629",2021-01-06 12:10:02,625.6,356,15.28266433,68.01310583,00:20:56
"630",2021-01-06 12:10:04,625.5,356,15.28264467,68.01311367,00:20:58
"631",2021-01-06 12:10:06,625.5,359,15.28262317,68.01311083,00:21:00
"632",2021-01-06 12:10:08,625.7,359,15.28260233,68.013113,00:21:04
"633",2021-01-06 12:10:10,625.7,2,15.28259717,68.0131255,00:21:06
"634",2021-01-06 12:10:12,625.5,6,15.28255233,68.01313333,00:21:08
"635",2021-01-06 12:10:14,625.4,1,15.2825715,68.01315683,00:21:09
"636",2021-01-06 12:10:16,625.2,358,15.282613,68.01315733,00:21:11
"637",2021-01-06 12:10:18,625.4,356,15.2825885,68.013142,00:21:13
"638",2021-01-06 12:10:20,625.4,354,15.28258617,68.01313217,00:21:15
"639",2021-01-06 12:10:22,625.6,352,15.28261217,68.01312617,00:21:17
"640",2021-01-06 12:10:24,625.5,355,15.28261967,68.01312317,00:21:19
"641",2021-01-06 12:10:26,625.4,355,15.282626,68.013113,00:21:21
"642",2021-01-06 12:10:28,625.6,352,15.2826155,68.01310583,00:21:22
"643",2021-01-06 12:10:30,625.7,0,15.282612,68.01309683,00:21:24
"644",2021-01-06 12:10:32,625.8,351,15.28259483,68.01310383,00:21:26
"645",2021-01-06 12:10:34,625.7,354,15.28259767,68.01311867,00:21:30
"646",2021-01-06 12:10:36,625.6,4,15.2826145,68.01311717,00:21:32
"647",2021-01-06 12:10:38,625.7,352,15.28262533,68.01311517,00:21:34
"648",2021-01-06 12:10:40,625.7,8,15.28263917,68.01311683,00:21:35
"649",2021-01-06 12:10:42,625.4,5,15.28265983,68.01311717,00:21:37
"650",2021-01-06 12:10:44,625.4,8,15.28267967,68.01311783,00:21:39
"651",2021-01-06 12:10:46,625.4,10,15.28270433,68.01312017,00:21:41
"652",2021-01-06 12:10:48,625.2,358,15.28272933,68.013122,00:21:43
"653",2021-01-06 12:10:50,625.1,22,15.28275333,68.01312567,00:21:45
"654",2021-01-06 12:10:52,624.8,5,15.2827685,68.01312967,00:21:47
"655",2021-01-06 12:10:54,624.7,13,15.28278117,68.013134,00:21:48
"656",2021-01-06 12:10:56,624.6,358,15.2827925,68.01313917,00:21:50
"657",2021-01-06 12:10:58,624.3,0,15.282812,68.01314483,00:21:52
"658",2021-01-06 12:11:00,624,358,15.28283933,68.0131565,00:21:56
"659",2021-01-06 12:11:02,624,356,15.28284933,68.01316017,00:21:58
"660",2021-01-06 12:11:04,624,356,15.28285033,68.013162,NA
"661",2021-01-06 12:11:06,624,358,15.282857,68.01316483,00:22:01
"662",2021-01-06 12:11:08,624,356,15.28285667,68.0131675,00:22:03
"663",2021-01-06 12:11:10,624,339,15.28286067,68.013172,00:22:05
"664",2021-01-06 12:11:12,624,338,15.28285417,68.0131795,00:22:07
"665",2021-01-06 12:11:14,624.1,347,15.28284617,68.01318717,00:22:09
"666",2021-01-06 12:11:16,624.2,338,15.28283533,68.013194,00:22:11
"667",2021-01-06 12:11:18,624.4,347,15.28282583,68.01320233,00:22:12
"668",2021-01-06 12:11:20,624.7,350,15.28281717,68.01320983,00:22:14
"669",2021-01-06 12:11:22,624.8,344,15.2827995,68.01321683,00:22:16
"670",2021-01-06 12:11:24,625.1,348,15.28280283,68.013214,00:22:20
"671",2021-01-06 12:11:26,625.2,337,15.28278683,68.013215,00:22:22
"672",2021-01-06 12:11:28,625.3,340,15.28278483,68.0132185,00:22:24
"673",2021-01-06 12:11:30,625.4,332,15.28277367,68.01321983,00:22:25
"674",2021-01-06 12:11:32,625.6,330,15.28276617,68.01322133,00:22:27
"675",2021-01-06 12:11:34,625.8,325,15.2827595,68.01321917,00:22:29
"676",2021-01-06 12:11:36,626,330,15.28274933,68.01321783,00:22:31
"677",2021-01-06 12:11:38,626.1,322,15.282737,68.0132165,00:22:33
"678",2021-01-06 12:11:40,626.4,329,15.28272967,68.01321617,00:22:35
"679",2021-01-06 12:11:42,626.4,328,15.28274217,68.0132195,00:22:37
"680",2021-01-06 12:11:44,626.6,330,15.2827405,68.0132215,00:22:38
"681",2021-01-06 12:11:46,626.6,327,15.28269783,68.01322017,00:22:40
"682",2021-01-06 12:11:48,626.5,324,15.2827305,68.01320117,00:22:42
"683",2021-01-06 12:11:50,626.4,317,15.282744,68.0132185,00:22:46
"684",2021-01-06 12:11:52,626.4,314,15.28275717,68.01321417,00:22:48
"685",2021-01-06 12:11:54,626.4,311,15.2827435,68.013224,00:22:50
"686",2021-01-06 12:11:56,626.3,313,15.28273017,68.013216,00:22:51
"687",2021-01-06 12:11:58,626.3,311,15.282674,68.01322233,00:22:53
"688",2021-01-06 12:12:00,626.3,315,15.28261933,68.0132455,00:22:55
"689",2021-01-06 12:12:02,626.4,317,15.2825785,68.01325533,00:22:57
"690",2021-01-06 12:12:04,626.4,317,15.282538,68.01326367,00:22:59
"691",2021-01-06 12:12:06,626.4,314,15.28255233,68.01327,00:23:01
"692",2021-01-06 12:12:08,626.2,316,15.2825405,68.0132645,00:23:03
"693",2021-01-06 12:12:10,626.1,317,15.28254383,68.0132615,00:23:04
"694",2021-01-06 12:12:12,626.1,317,15.2825265,68.01326417,00:23:06
"695",2021-01-06 12:12:14,626.1,320,15.28253983,68.01328467,00:23:10
"696",2021-01-06 12:12:16,626.1,317,15.28254383,68.01328717,00:23:12
"697",2021-01-06 12:12:18,626.2,314,15.28250633,68.01329583,00:23:14
"698",2021-01-06 12:12:20,626.3,312,15.282481,68.0133025,00:23:16
"699",2021-01-06 12:12:22,626.4,315,15.28250983,68.0133205,00:23:17
"700",2021-01-06 12:12:24,626.4,314,15.282554,68.01333417,00:23:19
"701",2021-01-06 12:12:26,626.5,311,15.282544,68.01333283,00:23:21
"702",2021-01-06 12:12:28,626.2,309,15.28253067,68.01333783,00:23:23
"703",2021-01-06 12:12:30,626.3,310,15.2824945,68.013342,00:23:25
"704",2021-01-06 12:12:32,626.2,306,15.28247,68.01333317,00:23:27
"705",2021-01-06 12:12:34,626.2,308,15.28245533,68.013322,00:23:28
"706",2021-01-06 12:12:36,626.1,306,15.28246433,68.01331467,00:23:30
"707",2021-01-06 12:12:38,626,300,15.28244767,68.01330767,00:23:32
"708",2021-01-06 12:12:40,626,298,15.28241517,68.01328233,00:23:36
"709",2021-01-06 12:12:42,626.1,296,15.28236583,68.0132745,00:23:38
"710",2021-01-06 12:12:44,626.1,302,15.28234783,68.0132775,00:23:40
"711",2021-01-06 12:12:46,626.1,302,15.28232183,68.0132745,00:23:41
"712",2021-01-06 12:12:48,626.4,301,15.28230583,68.01327017,00:23:43
"713",2021-01-06 12:12:50,626.5,302,15.28226867,68.0132535,00:23:45
"714",2021-01-06 12:12:52,626.7,303,15.28226067,68.0132585,00:23:47
"715",2021-01-06 12:12:54,626.6,303,15.2822485,68.01327467,00:23:49
"716",2021-01-06 12:12:56,626.7,301,15.2822425,68.01328017,00:23:51
"717",2021-01-06 12:12:58,626.7,302,15.28224383,68.01328733,00:23:53
"718",2021-01-06 12:13:00,626.6,306,15.28224633,68.01329133,00:23:54
"719",2021-01-06 12:13:02,626.4,318,15.2822465,68.01329633,00:23:56
"720",2021-01-06 12:13:04,626.5,316,15.28225433,68.01329733,00:23:58
"721",2021-01-06 12:13:06,626.6,320,15.282293,68.01330583,00:24:02
"722",2021-01-06 12:13:08,626.7,321,15.282305,68.01330867,00:24:04
"723",2021-01-06 12:13:10,626.7,323,15.28232583,68.0133125,00:24:06
"724",2021-01-06 12:13:12,626.6,329,15.28234883,68.01331733,00:24:07
"725",2021-01-06 12:13:14,626.4,328,15.28237267,68.013323,00:24:09
"726",2021-01-06 12:13:16,626.5,324,15.28239033,68.0133315,00:24:11
"727",2021-01-06 12:13:18,626.5,323,15.2824075,68.01333733,00:24:13
"728",2021-01-06 12:13:20,626.6,323,15.28242333,68.013343,00:24:15
"729",2021-01-06 12:13:22,626.6,324,15.2824355,68.01334783,00:24:17
"730",2021-01-06 12:13:24,626.4,318,15.2824415,68.013357,00:24:19
"731",2021-01-06 12:13:26,626.4,320,15.2824455,68.0133635,00:24:20
"732",2021-01-06 12:13:28,626.4,325,15.28244133,68.0133675,00:24:22
"733",2021-01-06 12:13:30,626.3,325,15.282413,68.01337783,00:24:26
"734",2021-01-06 12:13:32,626.4,326,15.28240033,68.01337967,00:24:28
"735",2021-01-06 12:13:34,626.3,327,15.2823855,68.0133795,00:24:30
"736",2021-01-06 12:13:36,626.3,323,15.2823725,68.01337883,00:24:31
"737",2021-01-06 12:13:38,626.1,322,15.28235783,68.01337867,00:24:33
"738",2021-01-06 12:13:40,626.1,319,15.28236017,68.0133795,00:24:35
"739",2021-01-06 12:13:42,625.8,315,15.28235067,68.01337933,00:24:37
"740",2021-01-06 12:13:44,625.7,312,15.28233883,68.01338367,00:24:39
"741",2021-01-06 12:13:46,625.7,316,15.28232183,68.01338717,00:24:41
"742",2021-01-06 12:13:48,625.8,315,15.28230167,68.01339067,00:24:43
"743",2021-01-06 12:13:50,625.9,314,15.28229383,68.0133945,00:24:44
"744",2021-01-06 12:13:52,625.9,314,15.28229233,68.0133995,00:24:46
"745",2021-01-06 12:13:54,625.9,312,15.28227417,68.01340083,00:24:48
"746",2021-01-06 12:13:56,625.8,310,15.282254,68.01339767,00:24:52
"747",2021-01-06 12:13:58,625.9,309,15.28224417,68.01339767,00:24:54
"748",2021-01-06 12:14:00,625.9,309,15.28224167,68.0133945,00:24:56
"749",2021-01-06 12:14:02,626.2,310,15.28224167,68.01339283,00:24:57
"750",2021-01-06 12:14:04,626.3,310,15.28225267,68.01338983,00:24:59
"751",2021-01-06 12:14:06,626.3,314,15.28225217,68.0133875,00:25:01
"752",2021-01-06 12:14:08,626.2,311,15.28225133,68.01338667,00:25:03
"753",2021-01-06 12:14:10,626.1,312,15.2822375,68.01338567,00:25:05
"754",2021-01-06 12:14:12,626.1,314,15.28221917,68.013389,00:25:07
"755",2021-01-06 12:14:14,626.2,313,15.282215,68.01339133,00:25:09
"756",2021-01-06 12:14:16,626.4,317,15.28220067,68.0133945,00:25:10
"757",2021-01-06 12:14:18,626.3,315,15.28220617,68.01340067,00:25:12
"758",2021-01-06 12:14:20,626.4,314,15.28220683,68.01340583,00:25:16
"759",2021-01-06 12:14:22,626.4,316,15.28220217,68.01340967,00:25:18
"760",2021-01-06 12:14:24,626.4,318,15.28220333,68.0134125,00:25:20
"761",2021-01-06 12:14:26,626.4,320,15.28218783,68.01341433,00:25:22
"762",2021-01-06 12:14:28,626.4,313,15.28217967,68.01341833,00:25:23
"763",2021-01-06 12:14:30,626.5,313,15.28218117,68.01342333,00:25:25
"764",2021-01-06 12:14:32,626.3,314,15.28217233,68.013433,00:25:27
"765",2021-01-06 12:14:34,626.1,312,15.282161,68.0134375,00:25:29
"766",2021-01-06 12:14:36,625.9,305,15.28213833,68.01343933,00:25:31
"767",2021-01-06 12:14:38,625.9,304,15.28211767,68.0134415,00:25:33
"768",2021-01-06 12:14:40,626,311,15.2821015,68.0134465,00:25:35
"769",2021-01-06 12:14:42,626.1,313,15.28209917,68.01345067,00:25:36
"770",2021-01-06 12:14:44,625.9,322,15.28209017,68.01345583,00:25:38
"771",2021-01-06 12:14:46,626,305,15.28209683,68.013463,00:25:42
"772",2021-01-06 12:14:48,626.1,282,15.28209867,68.013464,00:25:44
"773",2021-01-06 12:14:50,625.7,271,15.28212367,68.01346833,00:25:46
"774",2021-01-06 12:14:52,625.5,276,15.28214767,68.01347317,00:25:48
"775",2021-01-06 12:14:54,625.4,290,15.28215883,68.01347683,00:25:49
"776",2021-01-06 12:14:56,625.5,308,15.28216033,68.01348,00:25:51
"777",2021-01-06 12:14:58,625.4,332,15.28216067,68.0134805,00:25:53
"778",2021-01-06 12:15:00,625.2,353,15.28216233,68.01348117,00:25:55
"779",2021-01-06 12:15:02,625.4,351,15.282162,68.01348117,00:25:57
"780",2021-01-06 12:15:04,625.7,340,15.2821605,68.01348083,00:25:59
"781",2021-01-06 12:15:06,625.7,338,15.28215583,68.0134805,00:26:01
"782",2021-01-06 12:15:08,625.7,326,15.28214633,68.0134835,00:26:02
"783",2021-01-06 12:15:10,625.7,316,15.28214017,68.0134875,00:26:04
"784",2021-01-06 12:15:12,625.9,316,15.28210567,68.01349483,00:26:08
"785",2021-01-06 12:15:14,626.1,318,15.282089,68.01349783,00:26:10
"786",2021-01-06 12:15:16,626.1,318,15.28206533,68.01350017,00:26:12
"787",2021-01-06 12:15:18,626.3,320,15.28204133,68.01350367,00:26:13
"788",2021-01-06 12:15:20,626.2,319,15.2820245,68.01350567,00:26:15
"789",2021-01-06 12:15:22,626.2,317,15.2820125,68.01351,00:26:17
"790",2021-01-06 12:15:24,626.1,315,15.28200433,68.0135155,00:26:19
"791",2021-01-06 12:15:26,626.1,312,15.28199567,68.01351867,00:26:21
"792",2021-01-06 12:15:28,626.3,312,15.28197933,68.01352517,00:26:23
"793",2021-01-06 12:15:30,626.1,309,15.2819685,68.0135295,00:26:25
"794",2021-01-06 12:15:32,626.2,311,15.28194417,68.01353133,00:26:26
"795",2021-01-06 12:15:34,626.1,310,15.2819375,68.01353267,00:26:28
"796",2021-01-06 12:15:36,626.2,308,15.28193083,68.01353633,00:26:30
"797",2021-01-06 12:15:38,626.1,302,15.28193117,68.01353617,00:26:34
"798",2021-01-06 12:15:40,626.2,302,15.28193717,68.01353783,00:26:36
"799",2021-01-06 12:15:42,626.4,300,15.2819235,68.01353483,00:26:38
"800",2021-01-06 12:15:44,626.4,305,15.28192233,68.013532,00:26:39
"801",2021-01-06 12:15:46,626.2,303,15.2819105,68.01353083,00:26:41
"802",2021-01-06 12:15:48,626.3,302,15.28189483,68.013527,00:26:43
"803",2021-01-06 12:15:50,626.4,302,15.28187833,68.013524,00:26:45
"804",2021-01-06 12:15:52,626.2,298,15.28187533,68.01352083,00:26:47
"805",2021-01-06 12:15:54,626.2,297,15.28187567,68.013519,00:26:49
"806",2021-01-06 12:15:56,626.2,301,15.28188167,68.01351933,00:26:51
"807",2021-01-06 12:15:58,626.4,303,15.281889,68.01352017,00:26:52
"808",2021-01-06 12:16:00,626.4,304,15.28188833,68.013522,00:26:54
"809",2021-01-06 12:16:02,626.6,305,15.28188717,68.01352483,00:26:56
"810",2021-01-06 12:16:04,626.4,303,15.28186433,68.01354183,NA
"811",2021-01-06 12:16:06,626.4,296,15.28180583,68.01355917,00:27:02
"812",2021-01-06 12:16:08,626.1,292,15.28176233,68.01357333,00:27:04
"813",2021-01-06 12:16:10,626,288,15.281733,68.0135765,00:27:05
"814",2021-01-06 12:16:12,626,302,15.28172733,68.01357867,00:27:07
"815",2021-01-06 12:16:14,625.7,308,15.28170667,68.01357833,00:27:09
"816",2021-01-06 12:16:16,625.7,307,15.28169467,68.01356467,00:27:11
"817",2021-01-06 12:16:18,625.7,303,15.281708,68.013563,00:27:13
"818",2021-01-06 12:16:20,625.7,301,15.28171467,68.01355783,00:27:15
"819",2021-01-06 12:16:22,625.7,297,15.28171383,68.01355533,00:27:17
"820",2021-01-06 12:16:24,625.7,295,15.28169933,68.01354733,00:27:18
"821",2021-01-06 12:16:26,625.6,295,15.28167233,68.01354,00:27:20
"822",2021-01-06 12:16:28,625.6,296,15.281694,68.013534,00:27:24
"823",2021-01-06 12:16:30,625.7,296,15.28173083,68.013528,00:27:26
"824",2021-01-06 12:16:32,625.7,294,15.28173883,68.013529,00:27:28
"825",2021-01-06 12:16:34,625.4,298,15.281746,68.01352267,00:27:30
"826",2021-01-06 12:16:36,625.2,303,15.28175733,68.01352217,00:27:31
"827",2021-01-06 12:16:38,625.4,313,15.2817615,68.01351617,00:27:33
"828",2021-01-06 12:16:40,625.6,306,15.28175883,68.0135095,00:27:35
"829",2021-01-06 12:16:42,625.7,301,15.281748,68.01350433,00:27:37
"830",2021-01-06 12:16:44,625.7,295,15.28175967,68.01350083,00:27:39
"831",2021-01-06 12:16:46,625.8,295,15.28175967,68.01350083,00:27:39
"832",2021-01-06 12:16:48,625.7,295,15.28176467,68.01350083,00:27:43
"833",2021-01-06 12:16:50,625.6,295,15.28176033,68.0135055,00:27:44
"834",2021-01-06 12:16:52,625.7,296,15.28175133,68.01351033,00:27:46
"835",2021-01-06 12:16:54,625.8,301,15.281708,68.0135105,00:27:50
"836",2021-01-06 12:16:56,625.7,301,15.28169083,68.01350817,00:27:52
"837",2021-01-06 12:16:58,626,300,15.28168433,68.013507,00:27:54
"838",2021-01-06 12:17:00,626.1,302,15.28167367,68.0135075,00:27:56
"839",2021-01-06 12:17:02,626.1,304,15.28166483,68.01350617,00:27:57
"840",2021-01-06 12:17:04,626.1,305,15.2816575,68.01350717,00:27:59
"841",2021-01-06 12:17:06,626.1,310,15.28164167,68.01350883,00:28:01
"842",2021-01-06 12:17:08,626.1,309,15.2816315,68.01351017,00:28:03
"843",2021-01-06 12:17:10,626.2,304,15.28161583,68.01351233,00:28:05
"844",2021-01-06 12:17:12,626.4,297,15.28161083,68.01351483,00:28:07
"845",2021-01-06 12:17:14,626.4,295,15.28160717,68.01351867,00:28:09
"846",2021-01-06 12:17:16,626.5,297,15.281597,68.01351833,00:28:10
"847",2021-01-06 12:17:18,626.4,301,15.28159917,68.01352317,00:28:12
"848",2021-01-06 12:17:20,626.4,301,15.28160283,68.01352433,00:28:16
"849",2021-01-06 12:17:22,626.4,301,15.28160233,68.0135235,00:28:18
"850",2021-01-06 12:17:24,626.5,303,15.28160617,68.01352367,00:28:20
"851",2021-01-06 12:17:26,626.4,308,15.28160833,68.01352417,00:28:22
"852",2021-01-06 12:17:28,626.3,307,15.28160783,68.01352667,00:28:23
"853",2021-01-06 12:17:30,626.1,313,15.28160067,68.013532,00:28:25
"854",2021-01-06 12:17:32,626.1,321,15.28159033,68.013528,00:28:27
"855",2021-01-06 12:17:34,626.2,321,15.2815825,68.01353433,00:28:29
"856",2021-01-06 12:17:36,626.2,323,15.28156783,68.01354317,00:28:31
"857",2021-01-06 12:17:38,626.2,331,15.28156217,68.01355067,00:28:33
"858",2021-01-06 12:17:40,626.1,333,15.2815535,68.0135555,00:28:34
"859",2021-01-06 12:17:42,626,332,15.28154283,68.013563,00:28:36
"860",2021-01-06 12:17:44,625.8,325,15.2815425,68.01356717,00:28:38
"861",2021-01-06 12:17:46,626,317,15.28155283,68.01357833,00:28:42
"862",2021-01-06 12:17:48,626.1,324,15.2815535,68.01358517,00:28:44
"863",2021-01-06 12:17:50,626.1,332,15.2815555,68.01359217,00:28:46
"864",2021-01-06 12:17:52,626,332,15.28155617,68.01359783,00:28:47
"865",2021-01-06 12:17:54,625.7,336,15.28155567,68.01360583,00:28:49
"866",2021-01-06 12:17:56,625.7,329,15.28155067,68.0136115,00:28:51
"867",2021-01-06 12:17:58,625.5,321,15.28154833,68.0136145,00:28:53
"868",2021-01-06 12:18:00,625.6,321,15.281543,68.01361617,00:28:55
"869",2021-01-06 12:18:02,625.9,338,15.28153133,68.01361783,00:28:57
"870",2021-01-06 12:18:04,626,332,15.28151917,68.01362017,00:28:59
"871",2021-01-06 12:18:06,626,326,15.2815135,68.0136225,00:29:00
"872",2021-01-06 12:18:08,626.1,324,15.28151267,68.01362617,00:29:02
"873",2021-01-06 12:18:10,626.1,318,15.28148933,68.01363233,00:29:06
"874",2021-01-06 12:18:12,626.1,318,15.28148,68.01363767,00:29:08
"875",2021-01-06 12:18:14,626.1,316,15.28146783,68.01364167,00:29:10
"876",2021-01-06 12:18:16,626.2,320,15.28145583,68.01364383,00:29:12
"877",2021-01-06 12:18:18,626.1,313,15.281438,68.013646,00:29:13
"878",2021-01-06 12:18:20,626.1,320,15.281428,68.01365067,00:29:15
"879",2021-01-06 12:18:22,626.1,316,15.28142267,68.01365083,00:29:17
"880",2021-01-06 12:18:24,626.1,316,15.28142683,68.01365133,00:29:19
"881",2021-01-06 12:18:26,626.1,317,15.28142817,68.01365083,00:29:21
"882",2021-01-06 12:18:28,626,313,15.2814375,68.0136535,00:29:23
"883",2021-01-06 12:18:30,626.1,315,15.28143183,68.01365667,00:29:25
"884",2021-01-06 12:18:32,626.1,314,15.28142467,68.01365967,00:29:26
"885",2021-01-06 12:18:34,626.1,314,15.28141783,68.01366217,00:29:28
"886",2021-01-06 12:18:36,626.2,312,15.2814075,68.01366983,00:29:32
"887",2021-01-06 12:18:38,626.2,315,15.28139333,68.01367617,00:29:34
"888",2021-01-06 12:18:40,626.1,313,15.2813725,68.0136815,00:29:36
"889",2021-01-06 12:18:42,626.4,316,15.28135233,68.01368767,00:29:37
"890",2021-01-06 12:18:44,626.4,309,15.2813305,68.01369133,00:29:39
"891",2021-01-06 12:18:46,626.4,310,15.28130333,68.01369517,00:29:41
"892",2021-01-06 12:18:48,626.5,318,15.28127483,68.01369867,00:29:43
"893",2021-01-06 12:18:50,626.4,315,15.2812455,68.01369817,00:29:45
"894",2021-01-06 12:18:52,626.6,313,15.28122283,68.01370217,00:29:47
"895",2021-01-06 12:18:54,626.4,312,15.28119817,68.01370333,00:29:49
"896",2021-01-06 12:18:56,626.4,317,15.28117783,68.013706,00:29:50
"897",2021-01-06 12:18:58,626.4,310,15.28115983,68.01371067,00:29:52
"898",2021-01-06 12:19:00,626.4,315,15.281159,68.01371467,00:29:54
"899",2021-01-06 12:19:02,626.4,316,15.281126,68.01373117,00:29:58
"900",2021-01-06 12:19:04,626.3,312,15.2810925,68.0137435,NA
"901",2021-01-06 12:19:06,626.4,313,15.2810465,68.01375283,00:30:02
"902",2021-01-06 12:19:08,626.4,309,15.28107417,68.01374717,00:30:03
