id,datetime,depth,heading,lon,lat,videotime
5,2022-03-01T10:47:10Z,336.4,42,15.2792475,68.02923783,00:00:00
11,2022-03-01T10:47:12Z,339.9,49,15.27923233,68.02923933,00:00:02
17,2022-03-01T10:47:14Z,338.6,62,15.27921933,68.0292485,00:00:04
22,2022-03-01T10:47:16Z,337.1,62,15.27920117,68.02924917,00:00:06
28,2022-03-01T10:47:18Z,337.4,63,15.27920767,68.02925517,00:00:07
34,2022-03-01T10:47:20Z,337.5,64,15.27919633,68.029255,00:00:09
40,2022-03-01T10:47:22Z,344.3,58,15.2792055,68.0292485,00:00:11
46,2022-03-01T10:47:24Z,340.2,62,15.27920817,68.02924633,00:00:13
52,2022-03-01T10:47:26Z,338.9,64,15.27921917,68.029244,00:00:15
58,2022-03-01T10:47:28Z,339.1,63,15.27922767,68.02924583,00:00:19
64,2022-03-01T10:47:30Z,339.9,64,15.2792435,68.0292515,00:00:20
69,2022-03-01T10:47:32Z,340.6,65,15.2792715,68.02925467,00:00:22
75,2022-03-01T10:47:34Z,338.8,72,15.2792975,68.029259,00:00:24
81,2022-03-01T10:47:36Z,338.1,69,15.27931967,68.02926567,00:00:26
87,2022-03-01T10:47:38Z,338.1,69,15.27932933,68.02926817,00:00:28
93,2022-03-01T10:47:40Z,337.9,68,15.27933833,68.02927067,00:00:30
99,2022-03-01T10:47:42Z,341,67,15.27933817,68.02926967,00:00:32
105,2022-03-01T10:47:44Z,338,62,15.27933517,68.02927367,00:00:33
110,2022-03-01T10:47:46Z,337.9,61,15.27933117,68.02927533,00:00:35
116,2022-03-01T10:47:48Z,337.9,60,15.2793205,68.02927533,00:00:37
122,2022-03-01T10:47:50Z,337.9,59,15.27932617,68.02927533,00:00:39
128,2022-03-01T10:47:52Z,337.9,58,15.27932017,68.02927667,00:00:43
134,2022-03-01T10:47:54Z,337.9,60,15.27932333,68.029277,00:00:45
140,2022-03-01T10:47:56Z,337.9,61,15.27932633,68.02927533,00:00:46
146,2022-03-01T10:47:58Z,337.8,57,15.27931917,68.02927367,00:00:48
152,2022-03-01T10:48:00Z,339.2,53,15.279315,68.02926967,00:00:50
158,2022-03-01T10:48:02Z,338.6,62,15.27931767,68.02926733,00:00:52
163,2022-03-01T10:48:04Z,340.3,62,15.27931867,68.02926717,00:00:54
169,2022-03-01T10:48:06Z,339,62,15.27931733,68.02926733,00:00:56
175,2022-03-01T10:48:08Z,339.8,65,15.279311,68.029272,00:00:58
181,2022-03-01T10:48:10Z,339.9,64,15.27932267,68.029267,00:00:59
187,2022-03-01T10:48:12Z,339.7,65,15.27931533,68.02926417,00:01:01
193,2022-03-01T10:48:14Z,338.6,65,15.2793165,68.0292625,00:01:03
199,2022-03-01T10:48:16Z,339.8,64,15.27930883,68.02926017,00:01:05
205,2022-03-01T10:48:18Z,340,65,15.27930983,68.02926667,00:01:09
210,2022-03-01T10:48:20Z,338.7,62,15.27930983,68.02926667,00:01:09
216,2022-03-01T10:48:22Z,338.6,61,15.27930983,68.02926667,00:01:09
222,2022-03-01T10:48:24Z,338.3,58,15.27930983,68.02926667,00:01:09
228,2022-03-01T10:48:26Z,338.3,59,15.2792655,68.02929233,00:01:16
234,2022-03-01T10:48:28Z,338.4,52,15.27923417,68.02926983,00:01:19
239,2022-03-01T10:48:30Z,338.4,60,15.2792375,68.02923683,00:01:20
245,2022-03-01T10:48:32Z,338.2,57,15.2792375,68.02923683,00:01:20
251,2022-03-01T10:48:34Z,339.5,55,15.27926283,68.02923417,00:01:24
257,2022-03-01T10:48:36Z,338.9,58,15.27925867,68.02923617,00:01:26
263,2022-03-01T10:48:38Z,339,56,15.27925633,68.02923983,00:01:28
269,2022-03-01T10:48:40Z,339.2,56,15.2792635,68.02924233,00:01:30
275,2022-03-01T10:48:42Z,339.1,55,15.27928,68.02925083,00:01:32
281,2022-03-01T10:48:44Z,338.9,57,15.27928833,68.02924867,00:01:33
287,2022-03-01T10:48:46Z,338.6,55,15.279295,68.029242,00:01:35
292,2022-03-01T10:48:48Z,338.3,58,15.27931167,68.02923767,00:01:37
298,2022-03-01T10:48:50Z,338.7,51,15.27931333,68.029241,00:01:39
304,2022-03-01T10:48:52Z,338.9,58,15.2793095,68.02925417,00:01:43
310,2022-03-01T10:48:54Z,338.5,57,15.279307,68.02925167,00:01:45
316,2022-03-01T10:48:56Z,338.4,64,15.27930767,68.0292535,00:01:46
321,2022-03-01T10:48:58Z,339.4,69,15.27894333,68.02918867,00:01:48
327,2022-03-01T10:49:00Z,345.8,67,15.27890433,68.02918133,00:01:50
333,2022-03-01T10:49:02Z,343.6,56,15.27891633,68.02921133,00:01:52
339,2022-03-01T10:49:04Z,345,52,15.27886467,68.029209,00:01:54
345,2022-03-01T10:49:06Z,344.5,37,15.279161,68.029187,00:01:56
351,2022-03-01T10:49:08Z,348.2,39,15.279242,68.02920033,00:01:58
357,2022-03-01T10:49:10Z,340.3,21,15.27923033,68.0292285,00:01:59
363,2022-03-01T10:49:12Z,343.7,32,15.2792845,68.0292085,00:02:01
369,2022-03-01T10:49:14Z,343.7,28,15.279298,68.0292105,00:02:03
375,2022-03-01T10:49:16Z,340,8,15.279329,68.0292125,00:02:05
380,2022-03-01T10:49:18Z,345,16,15.279429500000001,68.02920217,00:02:09
386,2022-03-01T10:49:20Z,340.5,22,15.27943383,68.02919417,00:02:10
392,2022-03-01T10:49:22Z,340.8,31,15.2794385,68.02918267,00:02:12
398,2022-03-01T10:49:24Z,341.9,40,15.27943417,68.0291885,00:02:14
404,2022-03-01T10:49:26Z,339.6,33,15.27941917,68.029177,00:02:16
410,2022-03-01T10:49:28Z,341.1,39,15.2793815,68.02916733,00:02:18
416,2022-03-01T10:49:30Z,341.1,50,15.2793865,68.02916383,00:02:20
422,2022-03-01T10:49:32Z,341.1,49,15.27938017,68.0291655,00:02:22
428,2022-03-01T10:49:34Z,341.3,43,15.27937417,68.02916717,00:02:23
434,2022-03-01T10:49:36Z,342,45,15.27937167,68.0291695,00:02:25
439,2022-03-01T10:49:38Z,342.3,52,15.279362,68.02917367,00:02:27
445,2022-03-01T10:49:40Z,342.5,42,15.27931883,68.0291875,00:02:29
451,2022-03-01T10:49:42Z,343.1,35,15.2793095,68.029189,00:02:31
457,2022-03-01T10:49:44Z,343.8,43,15.2794735,68.029159,00:02:35
463,2022-03-01T10:49:46Z,344.4,50,15.2793295,68.02911067,00:02:36
469,2022-03-01T10:49:48Z,344.6,51,15.27929133,68.0291525,00:02:38
475,2022-03-01T10:49:50Z,344.8,48,15.27927517,68.02914467,00:02:40
480,2022-03-01T10:49:52Z,345.2,62,15.27927933,68.02915983,00:02:42
486,2022-03-01T10:49:54Z,346,64,15.27927933,68.02915983,00:02:42
492,2022-03-01T10:49:56Z,346.1,59,15.27927933,68.02915983,00:02:42
498,2022-03-01T10:49:58Z,344.9,64,15.27927933,68.02915983,00:02:42
504,2022-03-01T10:50:00Z,346.2,55,15.27927933,68.02915983,00:02:42
510,2022-03-01T10:50:02Z,345.7,65,15.27927933,68.02915983,00:02:42
516,2022-03-01T10:50:04Z,346.8,59,15.27927933,68.02915983,00:02:42
522,2022-03-01T10:50:06Z,347.1,65,15.27945083,68.02927483,00:02:56
527,2022-03-01T10:50:08Z,346.3,67,15.2795075,68.02926583,00:02:57
533,2022-03-01T10:50:10Z,347.1,72,15.2793955,68.029262,00:02:59
539,2022-03-01T10:50:12Z,344.8,65,15.27939083,68.0292905,00:03:03
545,2022-03-01T10:50:14Z,345.1,67,15.2794045,68.0292735,00:03:04
551,2022-03-01T10:50:16Z,345.8,72,15.27940817,68.029277,00:03:06
557,2022-03-01T10:50:18Z,346.1,81,15.27940817,68.029277,00:03:06
563,2022-03-01T10:50:20Z,347.5,76,15.27940817,68.029277,00:03:06
569,2022-03-01T10:50:22Z,347.9,67,15.27889433,68.02926717,00:03:12
574,2022-03-01T10:50:24Z,349.8,59,15.27889683,68.029271,00:03:14
580,2022-03-01T10:50:26Z,347.4,71,15.27889683,68.029271,00:03:14
586,2022-03-01T10:50:28Z,347.8,80,15.27896083,68.02924167,00:03:17
592,2022-03-01T10:50:30Z,348.6,88,15.278907,68.02924167,00:03:19
598,2022-03-01T10:50:32Z,348.2,80,15.27902183,68.02924817,00:03:21
604,2022-03-01T10:50:34Z,347.9,73,15.27898417,68.0292585,00:03:23
610,2022-03-01T10:50:36Z,348.7,72,15.27896783,68.02925867,00:03:25
616,2022-03-01T10:50:38Z,350.6,67,15.27896783,68.02925867,00:03:25
621,2022-03-01T10:50:40Z,348.3,65,15.27896783,68.02925867,00:03:25
627,2022-03-01T10:50:42Z,348.6,59,15.2787515,68.02900567,00:03:32
633,2022-03-01T10:50:44Z,350.8,60,15.2787515,68.02900567,00:03:32
639,2022-03-01T10:50:46Z,349.2,56,15.27918983,68.0290085,00:03:36
645,2022-03-01T10:50:48Z,351.5,64,15.27915217,68.02906467,00:03:38
651,2022-03-01T10:50:50Z,351.2,56,15.2790235,68.02898617,00:03:40
657,2022-03-01T10:50:52Z,349.9,53,15.279099,68.02907017,00:03:42
662,2022-03-01T10:50:54Z,347.8,50,15.27921067,68.02917767,00:03:43
668,2022-03-01T10:50:56Z,349.1,51,15.27935533,68.029244,00:03:45
674,2022-03-01T10:50:58Z,349.5,55,15.279164,68.0293115,00:03:47
680,2022-03-01T10:51:00Z,350.4,51,15.279164,68.0293115,00:03:47
686,2022-03-01T10:51:02Z,351.6,57,15.27932433,68.02927933,00:03:53
692,2022-03-01T10:51:04Z,351.1,59,15.2793245,68.02924883,00:03:55
698,2022-03-01T10:51:06Z,351,57,15.2793245,68.02924883,00:03:55
704,2022-03-01T10:51:08Z,351.5,51,15.27953617,68.029233,00:03:58
710,2022-03-01T10:51:10Z,349.3,53,15.279328,68.02919683,00:04:00
715,2022-03-01T10:51:12Z,348.2,53,15.2794675,68.02920683,00:04:02
721,2022-03-01T10:51:14Z,349.2,56,15.27948367,68.02921417,00:04:04
728,2022-03-01T10:51:16Z,349.2,73,15.27952117,68.029228,00:04:06
733,2022-03-01T10:51:18Z,350.7,71,15.27945967,68.02922033,00:04:07
739,2022-03-01T10:51:20Z,349.9,73,15.27947067,68.0292195,00:04:09
745,2022-03-01T10:51:22Z,349.6,71,15.27945833,68.02921167,00:04:11
751,2022-03-01T10:51:24Z,350.8,68,15.27938417,68.02922833,00:04:13
757,2022-03-01T10:51:26Z,350.1,69,15.27937083,68.0292405,00:04:15
763,2022-03-01T10:51:28Z,350,66,15.27930417,68.02920417,00:04:19
769,2022-03-01T10:51:30Z,349.8,64,15.27917283,68.0292235,00:04:20
775,2022-03-01T10:51:32Z,351,62,15.27914633,68.029198,00:04:22
781,2022-03-01T10:51:34Z,349.9,66,15.2791065,68.02919533,00:04:24
787,2022-03-01T10:51:36Z,350.7,69,15.2791065,68.02919533,00:04:24
792,2022-03-01T10:51:38Z,349.4,70,15.2791065,68.02919533,00:04:24
798,2022-03-01T10:51:40Z,349.8,70,15.27947283,68.02920683,00:04:30
804,2022-03-01T10:51:42Z,349.4,64,15.27946317,68.02920533,00:04:32
810,2022-03-01T10:51:44Z,350.1,59,15.27946317,68.02920533,00:04:32
816,2022-03-01T10:51:46Z,349.5,60,15.27946317,68.02920533,00:04:32
822,2022-03-01T10:51:48Z,349.4,57,15.27927867,68.0292295,00:04:37
828,2022-03-01T10:51:50Z,349.7,59,15.279164,68.0292155,00:04:39
834,2022-03-01T10:51:52Z,350.4,56,15.27923767,68.02920417,00:04:41
840,2022-03-01T10:51:54Z,350.9,52,15.27924983,68.029202,00:04:43
846,2022-03-01T10:51:56Z,349.7,54,15.27924983,68.029202,00:04:43
852,2022-03-01T10:51:58Z,349.6,51,15.2791085,68.029199,00:04:48
858,2022-03-01T10:52:00Z,349.5,50,15.27923633,68.02918283,00:04:49
863,2022-03-01T10:52:02Z,349.4,52,15.27924217,68.02918767,00:04:51
869,2022-03-01T10:52:04Z,349.5,44,15.279269,68.0291985,00:04:53
875,2022-03-01T10:52:06Z,349.9,48,15.27928217,68.0291915,00:04:55
881,2022-03-01T10:52:08Z,351.8,58,15.27925533,68.02919717,00:04:59
887,2022-03-01T10:52:10Z,349,66,15.27926317,68.02918633,00:05:01
893,2022-03-01T10:52:12Z,348.9,66,15.27926867,68.029183,00:05:02
899,2022-03-01T10:52:14Z,348.6,68,15.27925783,68.029181500000007,00:05:04
904,2022-03-01T10:52:16Z,348.6,69,15.27927167,68.02917933,00:05:06
910,2022-03-01T10:52:18Z,348.7,74,15.27927733,68.02917817,00:05:08
916,2022-03-01T10:52:20Z,348.2,76,15.279254,68.02917767,00:05:10
922,2022-03-01T10:52:22Z,348,74,15.27927417,68.029173170000007,00:05:12
928,2022-03-01T10:52:24Z,347.7,73,15.27924583,68.02917783,00:05:14
934,2022-03-01T10:52:26Z,347.9,75,15.27920983,68.02919167,00:05:15
940,2022-03-01T10:52:28Z,347.4,73,15.27919183,68.02920117,00:05:17
946,2022-03-01T10:52:30Z,348.8,73,15.279197,68.0292115,00:05:19
952,2022-03-01T10:52:32Z,347.2,75,15.27922333,68.02921883,00:05:21
958,2022-03-01T10:52:34Z,346.7,75,15.2792645,68.0292235,00:05:25
963,2022-03-01T10:52:36Z,346.4,72,15.279271,68.02922933,00:05:27
969,2022-03-01T10:52:38Z,346.5,72,15.27929467,68.02923033,00:05:28
975,2022-03-01T10:52:40Z,348.6,70,15.27932783,68.02922617,00:05:30
981,2022-03-01T10:52:42Z,347.6,69,15.27935617,68.029212329999993,00:05:32
987,2022-03-01T10:52:44Z,347.3,62,15.27936767,68.0292015,00:05:34
993,2022-03-01T10:52:46Z,347.4,67,15.279349,68.02918817,00:05:36
999,2022-03-01T10:52:48Z,347.5,78,15.27933817,68.02917617,00:05:38
1005,2022-03-01T10:52:50Z,347.8,82,15.27933783,68.02917533,00:05:40
1011,2022-03-01T10:52:52Z,348.2,83,15.27935667,68.0291835,00:05:41
1016,2022-03-01T10:52:54Z,347,81,15.2793355,68.02918383,00:05:43
1022,2022-03-01T10:52:56Z,346.6,74,15.27932217,68.029176,00:05:45
1028,2022-03-01T10:52:58Z,345,74,15.279337,68.02918333,00:05:47
1034,2022-03-01T10:53:00Z,345.6,72,15.27924517,68.02918283,00:05:51
1040,2022-03-01T10:53:02Z,344.7,73,15.27924283,68.02916667,00:05:53
1046,2022-03-01T10:53:04Z,344,69,15.27924283,68.02916667,00:05:53
1052,2022-03-01T10:53:06Z,344.8,67,15.2792885,68.029146,00:05:56
1058,2022-03-01T10:53:08Z,344.7,72,15.27932517,68.02912917,00:05:58
1063,2022-03-01T10:53:10Z,345.3,69,15.27933817,68.02912083,00:06:00
1069,2022-03-01T10:53:12Z,344.6,69,15.2791705,68.02924667,00:06:02
1075,2022-03-01T10:53:14Z,343.7,69,15.27926467,68.02923983,00:06:04
1081,2022-03-01T10:53:16Z,343.8,70,15.279315,68.0292165,00:06:06
1087,2022-03-01T10:53:18Z,345.9,66,15.27941083,68.02920667,00:06:07
1093,2022-03-01T10:53:20Z,344,69,15.27943583,68.0292085,00:06:09
1099,2022-03-01T10:53:22Z,344.7,70,15.27927117,68.02923233,00:06:11
1104,2022-03-01T10:53:24Z,344.8,68,15.27918383,68.0292615,00:06:13
1110,2022-03-01T10:53:26Z,341.2,68,15.27929083,68.029245,00:06:17
1116,2022-03-01T10:53:28Z,343.7,68,15.27938,68.02922283,00:06:19
1122,2022-03-01T10:53:30Z,340.7,71,15.27939367,68.02919233,00:06:20
1128,2022-03-01T10:53:32Z,342.7,76,15.279418,68.02918067,00:06:22
1134,2022-03-01T10:53:34Z,341.4,83,15.27945017,68.0291695,00:06:24
1139,2022-03-01T10:53:36Z,341.2,85,15.27946517,68.02916883,00:06:26
1145,2022-03-01T10:53:38Z,342.8,85,15.27944233,68.02917533,00:06:28
1151,2022-03-01T10:53:40Z,342.6,88,15.2794545,68.029172,00:06:30
1157,2022-03-01T10:53:42Z,343.3,89,15.279433,68.029162,00:06:32
1163,2022-03-01T10:53:44Z,344,90,15.27950433,68.02916783,00:06:33
1169,2022-03-01T10:53:46Z,341.3,86,15.279473,68.02918283,00:06:35
1175,2022-03-01T10:53:48Z,340.6,90,15.27960033,68.02918117,00:06:37
1181,2022-03-01T10:53:50Z,341.6,89,15.27937933,68.0290885,00:06:41
1186,2022-03-01T10:53:52Z,341.1,86,15.27938183,68.0290875,00:06:43
1192,2022-03-01T10:53:54Z,340.5,83,15.2794205,68.0291195,00:06:45
1198,2022-03-01T10:53:56Z,342.2,78,15.27934183,68.02915717,00:06:46
1204,2022-03-01T10:53:58Z,340.1,76,15.279263,68.0291665,00:06:48
1210,2022-03-01T10:54:00Z,341.6,73,15.279263,68.0291665,00:06:48
1216,2022-03-01T10:54:02Z,339.3,74,15.27904083,68.02917967,00:06:52
1222,2022-03-01T10:54:04Z,339.7,78,15.27904083,68.02917967,00:06:52
1228,2022-03-01T10:54:06Z,339.6,77,15.27904083,68.02917967,00:06:52
1234,2022-03-01T10:54:08Z,337.9,78,15.27901067,68.0291595,00:06:58
1239,2022-03-01T10:54:10Z,339.8,77,15.278965,68.02916017,00:06:59
1245,2022-03-01T10:54:12Z,337.2,76,15.278965,68.02916017,00:06:59
1251,2022-03-01T10:54:14Z,339.8,75,15.278917,68.02930183,00:07:03
1257,2022-03-01T10:54:16Z,339.1,72,15.278917,68.02930183,00:07:03
1263,2022-03-01T10:54:18Z,338.6,76,15.27883083,68.02937533,00:07:09
1269,2022-03-01T10:54:20Z,338.5,74,15.27883083,68.02937533,00:07:09
1275,2022-03-01T10:54:22Z,339.5,73,15.27936733,68.02919017,00:07:12
1280,2022-03-01T10:54:24Z,338.2,69,15.27933683,68.0292255,00:07:14
1286,2022-03-01T10:54:26Z,338,67,15.279336,68.02922517,00:07:16
1292,2022-03-01T10:54:28Z,337.3,63,15.27945867,68.02922167,00:07:18
1298,2022-03-01T10:54:30Z,336.2,63,15.27942267,68.02914267,00:07:20
1304,2022-03-01T10:54:32Z,337.1,67,15.2794705,68.02915717,00:07:22
1310,2022-03-01T10:54:34Z,337,65,15.2794705,68.02915717,00:07:22
1316,2022-03-01T10:54:36Z,336.4,63,15.2794705,68.02915717,00:07:22
1322,2022-03-01T10:54:38Z,338.2,67,15.27978367,68.02917717,00:07:28
1328,2022-03-01T10:54:40Z,336.3,70,15.27944817,68.02916133,00:07:31
1333,2022-03-01T10:54:42Z,334.5,71,15.27955467,68.02918233,00:07:33
1339,2022-03-01T10:54:44Z,334.1,69,15.27955467,68.02918233,00:07:33
1345,2022-03-01T10:54:46Z,337.4,67,15.27955467,68.02918233,00:07:33
1351,2022-03-01T10:54:48Z,335.5,67,15.27955467,68.02918233,00:07:33
1357,2022-03-01T10:54:50Z,334.8,65,15.27955467,68.02918233,00:07:33
1363,2022-03-01T10:54:52Z,335.5,69,15.27955467,68.02918233,00:07:33
1369,2022-03-01T10:54:54Z,334.1,69,15.2796845,68.0292065,00:07:44
1374,2022-03-01T10:54:56Z,334.4,72,15.27963067,68.02922933,00:07:45
1380,2022-03-01T10:54:58Z,335.2,69,15.27985433,68.02926067,00:07:49
1386,2022-03-01T10:55:00Z,336.1,72,15.27985433,68.02926067,00:07:49
1392,2022-03-01T10:55:02Z,336.9,75,15.27985433,68.02926067,00:07:49
1398,2022-03-01T10:55:04Z,336.8,74,15.27985433,68.02926067,00:07:49
1404,2022-03-01T10:55:06Z,335.3,72,15.27985433,68.02926067,00:07:49
1410,2022-03-01T10:55:08Z,334.2,64,15.27985433,68.02926067,00:07:49
1415,2022-03-01T10:55:10Z,335.1,66,15.27985433,68.02926067,00:07:49
1421,2022-03-01T10:55:12Z,334.8,63,15.280233,68.029333,00:08:02
1427,2022-03-01T10:55:14Z,335.6,65,15.280233,68.029333,00:08:02
1433,2022-03-01T10:55:16Z,335.4,75,15.27944383,68.029205,00:08:05
1439,2022-03-01T10:55:18Z,337.6,72,15.27951033,68.02923267,00:08:07
1445,2022-03-01T10:55:20Z,337.4,73,15.27943383,68.0292025,00:08:11
1451,2022-03-01T10:55:22Z,334.2,73,15.27942833,68.02922267,00:08:13
1457,2022-03-01T10:55:24Z,334.3,70,15.27942833,68.02922267,00:08:13
1463,2022-03-01T10:55:26Z,334.5,70,15.27920117,68.02911933,00:08:16
1468,2022-03-01T10:55:28Z,334.5,69,15.2793165,68.02921717,00:08:18
1474,2022-03-01T10:55:30Z,334.3,69,15.2793165,68.02921717,00:08:18
1480,2022-03-01T10:55:32Z,335.7,68,15.27954517,68.02915117,00:08:22
1486,2022-03-01T10:55:34Z,336.8,68,15.27954517,68.02915117,00:08:22
1492,2022-03-01T10:55:36Z,336.8,70,15.27976617,68.02918083,00:08:26
1498,2022-03-01T10:55:38Z,335.9,74,15.27978833,68.0292365,00:08:27
1504,2022-03-01T10:55:40Z,336.7,67,15.27975483,68.029241,00:08:29
1510,2022-03-01T10:55:42Z,336.3,64,15.27964017,68.02926,00:08:31
1515,2022-03-01T10:55:44Z,335.2,61,15.2794835,68.02927717,00:08:35
1521,2022-03-01T10:55:46Z,335.7,62,15.27946233,68.029287,00:08:37
1527,2022-03-01T10:55:48Z,334.2,62,15.27954333,68.0293005,00:08:39
1533,2022-03-01T10:55:50Z,335,69,15.27948417,68.02932567,00:08:40
1539,2022-03-01T10:55:52Z,333.8,74,15.27947133,68.02929583,00:08:42
1545,2022-03-01T10:55:54Z,334.8,72,15.27942683,68.02925667,00:08:44
1551,2022-03-01T10:55:56Z,333.5,75,15.27952267,68.0292215,00:08:46
1556,2022-03-01T10:55:58Z,334.8,72,15.27950567,68.02922867,00:08:48
1562,2022-03-01T10:56:00Z,332.9,70,15.27953333,68.029221,00:08:50
1568,2022-03-01T10:56:02Z,332.8,65,15.27955617,68.02922433,00:08:52
1574,2022-03-01T10:56:04Z,332.9,68,15.27947433,68.029198,00:08:53
1580,2022-03-01T10:56:06Z,332.1,71,15.27949017,68.02920917,00:08:55
1586,2022-03-01T10:56:08Z,332.5,69,15.27949967,68.02920733,00:08:57
1591,2022-03-01T10:56:10Z,333.2,77,15.27945433,68.02920083,00:09:01
1597,2022-03-01T10:56:12Z,333,78,15.27944983,68.02920083,00:09:03
1603,2022-03-01T10:56:14Z,334.2,77,15.27943867,68.0291985,00:09:05
1609,2022-03-01T10:56:16Z,333.5,80,15.279524,68.02921567,00:09:06
1615,2022-03-01T10:56:18Z,332.8,84,15.27956033,68.0292205,00:09:08
1621,2022-03-01T10:56:20Z,333.2,81,15.27957467,68.02922283,00:09:10
1627,2022-03-01T10:56:22Z,331.5,84,15.27948517,68.02919667,00:09:12
1633,2022-03-01T10:56:24Z,331.3,84,15.27948117,68.02920033,00:09:14
1638,2022-03-01T10:56:26Z,331.2,82,15.27948183,68.029206,00:09:16
1644,2022-03-01T10:56:28Z,331.2,88,15.279482,68.02921433,00:09:18
1650,2022-03-01T10:56:30Z,331.2,89,15.27949833,68.02922617,00:09:19
1656,2022-03-01T10:56:32Z,331.1,91,15.27949517,68.02923017,00:09:21
1662,2022-03-01T10:56:34Z,333.4,92,15.27949283,68.029233,00:09:23
1668,2022-03-01T10:56:36Z,331.2,88,15.27943633,68.0292325,00:09:27
1673,2022-03-01T10:56:38Z,333.5,87,15.27945017,68.029231,00:09:29
1679,2022-03-01T10:56:40Z,332.2,83,15.27942367,68.02923133,00:09:31
1685,2022-03-01T10:56:42Z,330.9,79,15.2794225,68.02924133,00:09:32
1691,2022-03-01T10:56:44Z,330.6,75,15.27941617,68.0292455,00:09:34
1697,2022-03-01T10:56:46Z,332.4,74,15.2794005,68.02919633,00:09:36
1703,2022-03-01T10:56:48Z,332,70,15.27930733,68.02916317,00:09:38
1709,2022-03-01T10:56:50Z,331.3,71,15.279339330000001,68.02919667,00:09:40
1715,2022-03-01T10:56:52Z,333.8,71,15.27931933,68.02918833,00:09:42
1720,2022-03-01T10:56:54Z,332.1,69,15.27948783,68.02920533,00:09:44
1726,2022-03-01T10:56:56Z,332.5,62,15.279445,68.0292195,00:09:45
1732,2022-03-01T10:56:58Z,331.4,60,15.27940583,68.02923733,00:09:47
1738,2022-03-01T10:57:00Z,331.7,63,15.27936117,68.0292505,00:09:49
1744,2022-03-01T10:57:02Z,332.1,66,15.27938533,68.02927667,00:09:53
1750,2022-03-01T10:57:04Z,330.9,69,15.27941667,68.02926833,00:09:55
1756,2022-03-01T10:57:06Z,330.6,70,15.27948483,68.02925817,00:09:57
1761,2022-03-01T10:57:08Z,331.2,72,15.27957283,68.02925733,00:09:58
1767,2022-03-01T10:57:10Z,329.3,74,15.279611,68.0292585,00:10:00
1773,2022-03-01T10:57:12Z,328.4,72,15.279211,68.0293245,00:10:02
1779,2022-03-01T10:57:14Z,331.5,73,15.27920367,68.02933383,00:10:04
1785,2022-03-01T10:57:16Z,331.1,73,15.279145,68.02939217,00:10:06
1791,2022-03-01T10:57:18Z,330.8,71,15.279145,68.02939217,00:10:06
1797,2022-03-01T10:57:20Z,330.9,68,15.2790445,68.029436,00:10:10
1803,2022-03-01T10:57:22Z,330.6,68,15.27899283,68.02945683,00:10:11
1809,2022-03-01T10:57:24Z,327.8,69,15.27899283,68.02945683,00:10:11
1814,2022-03-01T10:57:26Z,330.9,71,15.27889883,68.0294985,00:10:15
1820,2022-03-01T10:57:28Z,329.5,72,15.27889883,68.0294985,00:10:15
1826,2022-03-01T10:57:30Z,329.6,72,15.27889883,68.0294985,00:10:15
1832,2022-03-01T10:57:32Z,331,74,15.279353,68.02909933,00:10:22
1838,2022-03-01T10:57:34Z,329.9,75,15.279353,68.02909933,00:10:22
1844,2022-03-01T10:57:36Z,327.6,75,15.279353,68.02909933,00:10:22
1850,2022-03-01T10:57:38Z,329.7,71,15.279353,68.02909933,00:10:22
1855,2022-03-01T10:57:40Z,329.2,69,15.279353,68.02909933,00:10:22
1861,2022-03-01T10:57:42Z,327.2,70,15.27934417,68.02911,00:10:33
1867,2022-03-01T10:57:44Z,330.6,70,15.27945267,68.029164,00:10:34
1873,2022-03-01T10:57:46Z,329.8,67,15.2795195,68.0292165,00:10:36
1879,2022-03-01T10:57:48Z,330.6,69,15.27956783,68.029265,00:10:38
1885,2022-03-01T10:57:50Z,328.4,68,15.27959,68.0292865,00:10:40
1891,2022-03-01T10:57:52Z,326.9,73,15.27960067,68.02929617,00:10:41
1897,2022-03-01T10:57:54Z,326.8,73,15.27961017,68.0293,00:10:43
1902,2022-03-01T10:57:56Z,328,75,15.279627,68.0293055,00:10:45
1908,2022-03-01T10:57:58Z,327.7,74,15.27961083,68.029301,00:10:49
1914,2022-03-01T10:58:00Z,327,77,15.279601,68.02930783,00:10:51
1920,2022-03-01T10:58:02Z,328.9,81,15.2795995,68.02929633,00:10:53
1926,2022-03-01T10:58:04Z,329.2,82,15.279595,68.02928567,00:10:54
1932,2022-03-01T10:58:06Z,329.2,80,15.2795905,68.029279,00:10:56
1938,2022-03-01T10:58:08Z,327.9,74,15.27959467,68.0292775,00:10:58
1944,2022-03-01T10:58:10Z,328.9,69,15.27959467,68.0292775,00:10:58
1949,2022-03-01T10:58:12Z,328.1,69,15.27957133,68.0293355,00:11:02
1955,2022-03-01T10:58:14Z,330.3,64,15.279689,68.0293105,00:11:04
1961,2022-03-01T10:58:16Z,328.5,57,15.27969433,68.0293555,00:11:06
1967,2022-03-01T10:58:18Z,328.1,54,15.27971467,68.02936633,00:11:07
1973,2022-03-01T10:58:20Z,327.3,55,15.27968067,68.0293045,00:11:09
1979,2022-03-01T10:58:22Z,328.4,61,15.27966917,68.02927133,00:11:11
1985,2022-03-01T10:58:24Z,329.4,67,15.2796545,68.02922967,00:11:15
1991,2022-03-01T10:58:26Z,329.6,68,15.27964617,68.02921717,00:11:17
1996,2022-03-01T10:58:28Z,328.6,68,15.27965133,68.0292115,00:11:19
2002,2022-03-01T10:58:30Z,326.4,70,15.279657,68.02921017,00:11:20
2008,2022-03-01T10:58:32Z,328,69,15.279657,68.02921,00:11:22
2014,2022-03-01T10:58:34Z,327.9,69,15.27965567,68.02920983,00:11:24
2020,2022-03-01T10:58:36Z,327.8,73,15.279614,68.0292105,00:11:26
2026,2022-03-01T10:58:38Z,326.1,71,15.2796135,68.029214,00:11:28
2032,2022-03-01T10:58:40Z,324.8,66,15.2796145,68.02921567,00:11:30
2037,2022-03-01T10:58:42Z,327.2,60,15.27961167,68.02922067,00:11:32
2043,2022-03-01T10:58:44Z,326.4,61,15.2796135,68.02922317,00:11:33
2049,2022-03-01T10:58:46Z,327.2,61,15.27961733,68.0292245,00:11:35
2055,2022-03-01T10:58:48Z,326.7,58,15.27962133,68.0292285,00:11:37
2061,2022-03-01T10:58:50Z,326.7,62,15.279639,68.0292335,00:11:41
2067,2022-03-01T10:58:52Z,325.4,60,15.279639,68.0292335,00:11:41
2073,2022-03-01T10:58:54Z,325.7,60,15.279639,68.0292335,00:11:41
2079,2022-03-01T10:58:56Z,326.9,64,15.279654,68.02924267,00:11:46
2085,2022-03-01T10:58:58Z,327,64,15.2796625,68.02924417,00:11:48
2090,2022-03-01T10:59:00Z,325.1,62,15.27977867,68.0293365,00:11:50
2096,2022-03-01T10:59:02Z,325.5,63,15.27980967,68.02935883,00:11:52
2102,2022-03-01T10:59:04Z,325.4,64,15.27980967,68.02935883,00:11:52
2108,2022-03-01T10:59:06Z,326.1,67,15.27980967,68.02935883,00:11:52
2114,2022-03-01T10:59:08Z,326.4,66,15.27980967,68.02935883,00:11:52
2120,2022-03-01T10:59:10Z,325.8,67,15.27980967,68.02935883,00:11:52
2126,2022-03-01T10:59:12Z,325.7,68,15.279504,68.029173170000007,00:12:02
2132,2022-03-01T10:59:14Z,324.2,72,15.27957333,68.02920617,00:12:04
2138,2022-03-01T10:59:16Z,324.8,75,15.27967133,68.02922533,00:12:06
2144,2022-03-01T10:59:18Z,323.1,74,15.2797255,68.02922133,00:12:07
2149,2022-03-01T10:59:20Z,324.5,70,15.27967333,68.02918833,00:12:09
2155,2022-03-01T10:59:22Z,323.8,68,15.2795965,68.029161,00:12:11
2161,2022-03-01T10:59:24Z,323.6,60,15.27972183,68.02916717,00:12:15
2167,2022-03-01T10:59:26Z,324.5,57,15.27973267,68.029181500000007,00:12:17
2173,2022-03-01T10:59:28Z,323.5,51,15.2797265,68.029179,00:12:19
2179,2022-03-01T10:59:30Z,321.5,58,15.279734,68.029181,00:12:20
2185,2022-03-01T10:59:32Z,324.9,64,15.27975317,68.02919167,00:12:22
2191,2022-03-01T10:59:34Z,322.5,62,15.279774,68.02920017,00:12:24
2197,2022-03-01T10:59:36Z,322.6,61,15.27978067,68.0292055,00:12:26
2203,2022-03-01T10:59:38Z,323.5,65,15.27978983,68.0292115,00:12:28
2208,2022-03-01T10:59:40Z,324.3,68,15.27979683,68.02921533,00:12:30
2214,2022-03-01T10:59:42Z,320.4,68,15.2797945,68.0292265,00:12:32
2220,2022-03-01T10:59:44Z,324.4,71,15.2797985,68.029222,00:12:33
2226,2022-03-01T10:59:46Z,322.8,70,15.27979867,68.0292235,00:12:35
2232,2022-03-01T10:59:48Z,321.6,67,15.27978617,68.029223,00:12:39
2238,2022-03-01T10:59:50Z,323.1,66,15.27977467,68.029222,00:12:41
2244,2022-03-01T10:59:52Z,322.6,64,15.27977683,68.02922083,00:12:43
2250,2022-03-01T10:59:54Z,321.5,66,15.27978683,68.02922317,00:12:44
2255,2022-03-01T10:59:56Z,321.5,64,15.27978433,68.0292225,00:12:46
2261,2022-03-01T10:59:58Z,322.2,66,15.2797895,68.0292235,00:12:48
2267,2022-03-01T11:00:00Z,320.5,68,15.27979367,68.02922367,00:12:50
2273,2022-03-01T11:00:02Z,322.8,71,15.27979317,68.02922483,00:12:52
2279,2022-03-01T11:00:04Z,323.7,69,15.27980083,68.0292275,00:12:54
2285,2022-03-01T11:00:06Z,322,69,15.27980333,68.029227,00:12:56
2291,2022-03-01T11:00:08Z,322.8,69,15.27980483,68.02922617,00:12:57
2297,2022-03-01T11:00:10Z,320.3,63,15.2798365,68.0292475,00:12:59
2303,2022-03-01T11:00:12Z,319.8,62,15.27983017,68.02925017,00:13:01
2308,2022-03-01T11:00:14Z,320.9,63,15.27985733,68.02925683,00:13:05
2314,2022-03-01T11:00:16Z,321.5,60,15.279837,68.02925433,00:13:07
2320,2022-03-01T11:00:18Z,318.6,61,15.27981383,68.0292845,00:13:09
2326,2022-03-01T11:00:20Z,322.2,58,15.27988733,68.02928667,00:13:10
2332,2022-03-01T11:00:22Z,321.1,62,15.27992117,68.0292815,00:13:12
2338,2022-03-01T11:00:24Z,320.5,65,15.27990833,68.02926567,00:13:14
2344,2022-03-01T11:00:26Z,319.9,66,15.27991683,68.02926617,00:13:16
2350,2022-03-01T11:00:28Z,320.7,69,15.27987767,68.02925633,00:13:18
2355,2022-03-01T11:00:30Z,320.9,71,15.27987517,68.02925517,00:13:20
2361,2022-03-01T11:00:32Z,321.1,71,15.27989483,68.0292695,00:13:22
2367,2022-03-01T11:00:34Z,319.7,73,15.27993633,68.02925267,00:13:23
2373,2022-03-01T11:00:36Z,319.6,73,15.279924,68.02926,00:13:25
2379,2022-03-01T11:00:38Z,318.7,70,15.279926,68.02924567,00:13:27
2385,2022-03-01T11:00:40Z,320.6,65,15.2799695,68.02925233,00:13:31
2391,2022-03-01T11:00:42Z,318.6,59,15.2799815,68.029246,00:13:33
2397,2022-03-01T11:00:44Z,320.2,52,15.2799765,68.0292305,00:13:35
2403,2022-03-01T11:00:46Z,319.7,54,15.279959,68.02922267,00:13:36
2409,2022-03-01T11:00:48Z,320.8,58,15.27996067,68.029226,00:13:38
2415,2022-03-01T11:00:50Z,320.1,58,15.27997133,68.02923867,00:13:40
2420,2022-03-01T11:00:52Z,318.9,60,15.27995483,68.02924167,00:13:42
2426,2022-03-01T11:00:54Z,318.7,66,15.28000167,68.0292375,00:13:44
2432,2022-03-01T11:00:56Z,319,62,15.27998417,68.0292425,00:13:46
2438,2022-03-01T11:00:58Z,321.3,67,15.27997467,68.0292655,00:13:48
2444,2022-03-01T11:01:00Z,319.1,70,15.27996883,68.0292605,00:13:49
2450,2022-03-01T11:01:02Z,320.4,75,15.279933,68.02925217,00:13:51
2455,2022-03-01T11:01:04Z,320.7,74,15.27990183,68.02925283,00:13:53
2461,2022-03-01T11:01:06Z,320,74,15.27990883,68.02925617,00:13:57
2468,2022-03-01T11:01:08Z,320.9,73,15.27989783,68.02928817,00:13:59
2473,2022-03-01T11:01:10Z,318.8,72,15.27992083,68.02925733,00:14:01
2479,2022-03-01T11:01:12Z,317.7,71,15.27992983,68.02924383,00:14:02
2485,2022-03-01T11:01:14Z,318.2,61,15.27994517,68.029247,00:14:04
2491,2022-03-01T11:01:16Z,316.7,56,15.2799525,68.02925283,00:14:06
2497,2022-03-01T11:01:18Z,318.7,57,15.279957,68.02925967,00:14:08
2503,2022-03-01T11:01:20Z,318,56,15.27996633,68.0292805,00:14:10
2509,2022-03-01T11:01:22Z,318.5,59,15.2800555,68.0292815,00:14:12
2514,2022-03-01T11:01:24Z,318,61,15.28002183,68.02927933,00:14:14
2520,2022-03-01T11:01:26Z,316.9,62,15.28000583,68.02927417,00:14:15
2526,2022-03-01T11:01:28Z,319.7,67,15.27998983,68.02927433,00:14:17
2532,2022-03-01T11:01:30Z,318.3,67,15.2799765,68.02927183,00:14:19
2538,2022-03-01T11:01:32Z,317.6,71,15.27997067,68.02926883,00:14:23
2544,2022-03-01T11:01:34Z,318.4,72,15.27997483,68.0292695,00:14:25
2550,2022-03-01T11:01:36Z,317.1,78,15.27997817,68.0292715,00:14:27
2556,2022-03-01T11:01:38Z,319,76,15.27996533,68.02926167,00:14:28
2561,2022-03-01T11:01:40Z,317.7,76,15.279966,68.02928267,00:14:30
2567,2022-03-01T11:01:42Z,315.9,82,15.27999317,68.02927983,00:14:32
2573,2022-03-01T11:01:44Z,316.5,77,15.27998233,68.02927817,00:14:34
2579,2022-03-01T11:01:46Z,315.7,79,15.280023,68.02926783,00:14:36
2585,2022-03-01T11:01:48Z,316.9,82,15.2799865,68.02923967,00:14:38
2591,2022-03-01T11:01:50Z,317.4,80,15.279915,68.0292535,00:14:39
2597,2022-03-01T11:01:52Z,315.9,82,15.27986333,68.029252,00:14:41
2602,2022-03-01T11:01:54Z,318.5,76,15.27993183,68.02925,00:14:43
2608,2022-03-01T11:01:56Z,316.9,77,15.27994983,68.02925583,00:14:47
2614,2022-03-01T11:01:58Z,316,78,15.27994983,68.02925583,00:14:47
2620,2022-03-01T11:02:00Z,316.3,74,15.27995267,68.02925617,00:14:51
2626,2022-03-01T11:02:02Z,318.4,75,15.2800135,68.02923767,00:14:52
2632,2022-03-01T11:02:04Z,316,74,15.2801235,68.0292395,00:14:54
2638,2022-03-01T11:02:06Z,319.6,74,15.28018083,68.02927183,00:14:56
2643,2022-03-01T11:02:08Z,317.1,73,15.28012583,68.029247,00:14:58
2649,2022-03-01T11:02:10Z,316.5,73,15.28010967,68.02923583,NA
2655,2022-03-01T11:02:12Z,319.2,74,15.28007617,68.02923583,00:15:02
2661,2022-03-01T11:02:14Z,318.6,75,15.280066,68.02922983,00:15:04
2667,2022-03-01T11:02:16Z,318.7,71,15.28002817,68.0292295,00:15:05
2673,2022-03-01T11:02:18Z,319.3,71,15.279992,68.02922917,00:15:07
2679,2022-03-01T11:02:20Z,316.1,74,15.27997233,68.02922633,00:15:09
2685,2022-03-01T11:02:22Z,316,76,15.280001,68.02923167,00:15:13
2690,2022-03-01T11:02:24Z,315.9,73,15.27992667,68.02921167,00:15:15
2696,2022-03-01T11:02:26Z,316.6,76,15.27994717,68.02921133,00:15:17
2702,2022-03-01T11:02:28Z,317.9,76,15.279973,68.02924,00:15:18
2708,2022-03-01T11:02:30Z,317.9,75,15.27998333,68.0292375,00:15:20
2714,2022-03-01T11:02:32Z,316,81,15.27996967,68.02922767,00:15:22
2720,2022-03-01T11:02:34Z,319,83,15.27996783,68.02923017,00:15:24
2726,2022-03-01T11:02:36Z,317.2,83,15.27997,68.02922683,00:15:26
2731,2022-03-01T11:02:38Z,318.5,83,15.279975,68.02922983,00:15:28
2737,2022-03-01T11:02:40Z,318.3,83,15.279984,68.02923233,00:15:30
2743,2022-03-01T11:02:42Z,316.8,81,15.279988,68.02923117,00:15:31
2749,2022-03-01T11:02:44Z,316.9,75,15.27999033,68.0292315,00:15:33
2755,2022-03-01T11:02:46Z,317.7,67,15.27998817,68.0292345,00:15:37
2761,2022-03-01T11:02:48Z,317.8,67,15.279986,68.029233,00:15:39
2767,2022-03-01T11:02:50Z,314.9,66,15.27999,68.02923217,00:15:41
2772,2022-03-01T11:02:52Z,314.8,66,15.2799915,68.029233,00:15:43
2778,2022-03-01T11:02:54Z,317.3,64,15.2799915,68.02923367,00:15:44
2784,2022-03-01T11:02:56Z,318.3,64,15.27998417,68.02923583,00:15:46
2790,2022-03-01T11:02:58Z,317.7,63,15.279988,68.029239,00:15:48
2796,2022-03-01T11:03:00Z,316.5,69,15.27999083,68.0292385,00:15:50
2802,2022-03-01T11:03:02Z,316.5,70,15.280006,68.029239,00:15:52
2808,2022-03-01T11:03:04Z,316.5,73,15.2800215,68.0292415,00:15:54
2814,2022-03-01T11:03:06Z,317.7,71,15.28001817,68.029242,00:15:55
2820,2022-03-01T11:03:08Z,314.7,69,15.28002567,68.02925,00:15:57
2825,2022-03-01T11:03:10Z,314.7,72,15.280026,68.0292505,00:15:59
2831,2022-03-01T11:03:12Z,314.1,69,15.28009167,68.02926267,00:16:03
2837,2022-03-01T11:03:14Z,314.1,64,15.280157,68.029286,00:16:05
2843,2022-03-01T11:03:16Z,314.4,63,15.280157,68.029286,00:16:05
2849,2022-03-01T11:03:18Z,313.7,62,15.280157,68.029286,00:16:05
2854,2022-03-01T11:03:20Z,313.9,60,15.28017,68.0292585,00:16:10
2860,2022-03-01T11:03:22Z,313.8,57,15.2801585,68.02924583,00:16:12
2866,2022-03-01T11:03:24Z,315.1,56,15.28011967,68.0292445,00:16:13
2872,2022-03-01T11:03:26Z,314,59,15.2800735,68.0292515,00:16:15
2878,2022-03-01T11:03:28Z,313.8,57,15.28005117,68.02925433,00:16:19
2884,2022-03-01T11:03:30Z,313.5,62,15.280067,68.02924383,00:16:21
2889,2022-03-01T11:03:32Z,314.4,65,15.27997183,68.0292695,00:16:23
2895,2022-03-01T11:03:34Z,314.8,70,15.27994217,68.0292745,00:16:24
2901,2022-03-01T11:03:36Z,314.1,71,15.28001283,68.02925583,00:16:26
2907,2022-03-01T11:03:38Z,314.7,74,15.2800425,68.0292675,00:16:28
2913,2022-03-01T11:03:40Z,311,72,15.280079,68.02924417,00:16:30
2919,2022-03-01T11:03:42Z,310.9,71,15.28006817,68.02927833,00:16:32
2925,2022-03-01T11:03:44Z,312.9,74,15.28007267,68.02928233,00:16:34
2931,2022-03-01T11:03:46Z,312.6,71,15.2801155,68.02927467,00:16:36
2937,2022-03-01T11:03:48Z,312.1,67,15.28014883,68.0292695,00:16:37
2943,2022-03-01T11:03:50Z,312.8,58,15.2801505,68.02926217,00:16:39
2949,2022-03-01T11:03:52Z,311.2,55,15.2801665,68.02925933,00:16:41
2954,2022-03-01T11:03:54Z,309.7,56,15.280109,68.02930167,00:16:43
