datetime,videotime,lon,lat,depth,LON2,LAT2,depth_interpolated,videotime_interpolated,xsmoothed,ysmoothed
2022-03-01T10:47:10Z,00:00:00,15.2792475,68.02923783,336.4,15.2792475,68.02923783,336.4,0,15.279229806152335,68.029241266988
2022-03-01T10:47:12Z,00:00:02,15.27923233,68.02923933,339.9,15.27923233,68.02923933,339.9,2,15.279222982508905,68.02924327230053
2022-03-01T10:47:14Z,00:00:04,15.27921933,68.0292485,338.6,15.27921933,68.0292485,338.6,4,15.279216749116088,68.02924514838355
2022-03-01T10:47:16Z,00:00:06,15.27920117,68.02924917,337.1,15.27920117,68.02924917,337.1,6,15.279211867835722,68.02924674323194
2022-03-01T10:47:18Z,00:00:07,15.27920767,68.02925517,337.4,15.27920767,68.02925517,337.4,7,15.279209100529652,68.02924790484074
2022-03-01T10:47:20Z,00:00:09,15.27919633,68.029255,337.5,15.27919633,68.029255,337.5,9,15.279209111880684,68.02924856225114
2022-03-01T10:47:22Z,00:00:11,15.2792055,68.0292485,344.3,15.2792055,68.0292485,344.3,11,15.279212177855436,68.02924896868981
2022-03-01T10:47:24Z,00:00:13,15.27920817,68.02924633,340.2,15.27920817,68.02924633,340.2,13,15.27921847724151,68.02924945842969
2022-03-01T10:47:26Z,00:00:15,15.27921917,68.029244,338.9,15.27921917,68.029244,338.9,15,15.27922818882648,68.02925036574376
2022-03-01T10:47:28Z,00:00:19,15.27922767,68.02924583,339.1,15.27922767,68.02924583,339.1,19,15.279241225773577,68.02925194200041
2022-03-01T10:47:30Z,00:00:20,15.2792435,68.0292515,339.9,15.2792435,68.0292515,339.9,20,15.279256438748524,68.02925410694994
2022-03-01T10:47:32Z,00:00:22,15.2792715,68.02925467,340.6,15.2792715,68.02925467,340.6,22,15.279272412792697,68.02925669743802
2022-03-01T10:47:34Z,00:00:24,15.2792975,68.029259,338.8,15.2792975,68.029259,338.8,24,15.279287732947457,68.02925955031037
2022-03-01T10:47:36Z,00:00:26,15.27931967,68.02926567,338.1,15.27931967,68.02926567,338.1,26,15.279301196678048,68.02926250740741
2022-03-01T10:47:38Z,00:00:28,15.27932933,68.02926817,338.1,15.27932933,68.02926817,338.1,28,15.279312451145168,68.02926543054826
2022-03-01T10:47:40Z,00:00:30,15.27933833,68.02927067,337.9,15.27933833,68.02927067,337.9,30,15.279321355933392,68.02926818654677
2022-03-01T10:47:42Z,00:00:32,15.27933817,68.02926967,341,15.27933817,68.02926967,341,32,15.279327770627294,68.02927064221683
2022-03-01T10:47:44Z,00:00:33,15.27933517,68.02927367,338,15.27933517,68.02927367,338,33,15.279331554811456,68.0292726643722
2022-03-01T10:47:46Z,00:00:35,15.27933117,68.02927533,337.9,15.27933117,68.02927533,337.9,35,15.279332721593873,68.0292741456383
2022-03-01T10:47:48Z,00:00:37,15.2793205,68.02927533,337.9,15.2793205,68.02927533,337.9,37,15.279331898176231,68.02927508188696
2022-03-01T10:47:50Z,00:00:39,15.27932617,68.02927533,337.9,15.27932617,68.02927533,337.9,39,15.279329865283644,68.02927549480154
2022-03-01T10:47:52Z,00:00:43,15.27932017,68.02927667,337.9,15.27932017,68.02927667,337.9,43,15.279327403641227,68.02927540606542
2022-03-01T10:47:54Z,00:00:45,15.27932333,68.029277,337.9,15.27932333,68.029277,337.9,45,15.279325164094493,68.02927485538743
2022-03-01T10:47:56Z,00:00:46,15.27932633,68.02927533,337.9,15.27932633,68.02927533,337.9,46,15.279323277970548,68.02927395457797
2022-03-01T10:47:58Z,00:00:48,15.27931917,68.02927367,337.8,15.27931917,68.02927367,337.8,48,15.2793217467169,68.02927283347302
2022-03-01T10:48:00Z,00:00:50,15.279315,68.02926967,339.2,15.279315,68.02926967,339.2,50,15.279320571781057,68.02927162190845
2022-03-01T10:48:02Z,00:00:52,15.27931767,68.02926733,338.6,15.27931767,68.02926733,338.6,52,15.279319729076953,68.0292704362931
2022-03-01T10:48:04Z,00:00:54,15.27931867,68.02926717,340.3,15.27931867,68.02926717,340.3,54,15.279319092384185,68.02926933932753
2022-03-01T10:48:06Z,00:00:56,15.27931733,68.02926733,339,15.27931733,68.02926733,339,56,15.279318509948785,68.02926838028517
2022-03-01T10:48:08Z,00:00:58,15.279311,68.029272,339.8,15.279311,68.029272,339.8,58,15.279317830016781,68.02926760843957
2022-03-01T10:48:10Z,00:00:59,15.27932267,68.029267,339.9,15.27932267,68.029267,339.9,59,15.279316900834196,68.02926707306415
2022-03-01T10:48:12Z,00:01:01,15.27931533,68.02926417,339.7,15.27931533,68.02926417,339.7,61,15.279315525815083,68.02926679590738
2022-03-01T10:48:14Z,00:01:03,15.2793165,68.0292625,338.6,15.2793165,68.0292625,338.6,63,15.279313329045559,68.02926668861741
2022-03-01T10:48:16Z,00:01:05,15.27930883,68.02926017,339.8,15.27930883,68.02926017,339.8,65,15.279309889779789,68.02926663531738
2022-03-01T10:48:18Z,00:01:09,15.27930983,68.02926667,340,15.27930983,68.02926667,340,69,15.279304787271913,68.02926652013038
2022-03-01T10:48:20Z,00:01:09,15.27930983,68.02926667,338.7,15.27930983,68.02926667,338.7,69,15.279297820348344,68.02926620027469
2022-03-01T10:48:22Z,00:01:09,15.27930983,68.02926667,338.6,15.27930983,68.02926667,338.6,69,15.279289666124525,68.02926542534922
2022-03-01T10:48:24Z,00:01:09,15.27930983,68.02926667,338.3,15.27930983,68.02926667,338.3,69,15.27928122128815,68.02926391804793
2022-03-01T10:48:26Z,00:01:16,15.2792655,68.02929233,338.3,15.2792655,68.02929233,338.3,76,15.279273382526931,68.02926140106487
2022-03-01T10:48:28Z,00:01:19,15.27923417,68.02926983,338.4,15.27923417,68.02926983,338.4,79,15.279266986322392,68.02925776043507
2022-03-01T10:48:30Z,00:01:20,15.2792375,68.02923683,338.4,15.2792375,68.02923683,338.4,80,15.279262628331383,68.02925353555752
2022-03-01T10:48:32Z,00:01:20,15.2792375,68.02923683,338.2,15.2792375,68.02923683,338.2,80,15.279260844004602,68.02924942917214
2022-03-01T10:48:34Z,00:01:24,15.27926283,68.02923417,339.5,15.27926283,68.02923417,339.5,84,15.279262168792725,68.02924614401894
2022-03-01T10:48:36Z,00:01:26,15.27925867,68.02923617,338.9,15.27925867,68.02923617,338.9,86,15.279266763566595,68.02924420009205
2022-03-01T10:48:38Z,00:01:28,15.27925633,68.02923983,339,15.27925633,68.02923983,339,88,15.279273290877656,68.02924338640206
2022-03-01T10:48:40Z,00:01:30,15.2792635,68.02924233,339.2,15.2792635,68.02924233,339.2,90,15.279280038697516,68.02924330921375
2022-03-01T10:48:42Z,00:01:32,15.27928,68.02925083,339.1,15.27928,68.02925083,339.1,92,15.279285294997782,68.02924357479188
2022-03-01T10:48:44Z,00:01:33,15.27928833,68.02924867,338.9,15.27928833,68.02924867,338.9,93,15.279287347750046,68.02924378940119
2022-03-01T10:48:46Z,00:01:35,15.279295,68.029242,338.6,15.279295,68.029242,338.6,95,15.279284428679068,68.02924356667472
2022-03-01T10:48:48Z,00:01:37,15.27931167,68.02923767,338.3,15.27931167,68.02923767,338.3,97,15.279274544522202,68.02924254971862
2022-03-01T10:48:50Z,00:01:39,15.27931333,68.029241,338.7,15.27931333,68.029241,338.7,99,15.279255645769965,68.02924038900721
2022-03-01T10:48:52Z,00:01:43,15.2793095,68.02925417,338.9,15.2793095,68.02925417,338.9,103,15.279225682912859,68.02923673501493
2022-03-01T10:48:54Z,00:01:45,15.279307,68.02925167,338.5,15.279307,68.02925167,338.5,105,15.27918446659156,68.0292314522969
2022-03-01T10:48:56Z,00:01:46,15.27930767,68.0292535,338.4,15.27930767,68.0292535,338.4,106,15.279139248047398,68.02922526173133
2022-03-01T10:48:58Z,00:01:48,15.27894333,68.02918867,339.4,15.27894333,68.02918867,339.4,108,15.27909913867188,68.0292190982771
2022-03-01T10:49:00Z,00:01:50,15.27890433,68.02918133,345.8,15.27890433,68.02918133,345.8,110,15.279073249856502,68.02921389689315
2022-03-01T10:49:02Z,00:01:52,15.27891633,68.02921133,343.6,15.27891633,68.02921133,343.6,112,15.279068461259689,68.02921036039947
2022-03-01T10:49:04Z,00:01:54,15.27886467,68.029209,345,15.27886467,68.029209,345,114,15.279082725607584,68.0292082630601
2022-03-01T10:49:06Z,00:01:56,15.279161,68.029187,344.5,15.279161,68.029187,344.5,116,15.279111763893257,68.02920714700014
2022-03-01T10:49:08Z,00:01:58,15.279242,68.02920033,348.2,15.279242,68.02920033,348.2,118,15.27915129710977,68.02920655434464
2022-03-01T10:49:10Z,00:01:59,15.27923033,68.0292285,340.3,15.27923033,68.0292285,340.3,119,15.2791970462502,68.02920602721875
2022-03-01T10:49:12Z,00:02:01,15.2792845,68.0292085,343.7,15.2792845,68.0292085,343.7,121,15.279244916492187,68.0292051518357
2022-03-01T10:49:14Z,00:02:03,15.279298,68.0292105,343.7,15.279298,68.0292105,343.7,123,15.279291549751733,68.02920369076173
2022-03-01T10:49:16Z,00:02:05,15.279329,68.0292125,340,15.279329,68.0292125,340,125,15.279333772129394,68.02920145065113
2022-03-01T10:49:18Z,00:02:09,15.279429500000001,68.02920217,345,15.279429500000001,68.02920217,345,129,15.279368409725755,68.0291982381583
2022-03-01T10:49:20Z,00:02:10,15.27943383,68.02919417,340.5,15.27943383,68.02919417,340.5,130,15.279393050476413,68.02919398909954
2022-03-01T10:49:22Z,00:02:12,15.2794385,68.02918267,340.8,15.2794385,68.02918267,340.8,132,15.27940832965709,68.029189155939
2022-03-01T10:49:24Z,00:02:14,15.27943417,68.0291885,341.9,15.27943417,68.0291885,341.9,134,15.279415644378533,68.02918432030275
2022-03-01T10:49:26Z,00:02:16,15.27941917,68.029177,339.6,15.27941917,68.029177,339.6,136,15.279416391751504,68.02918006381684
2022-03-01T10:49:28Z,00:02:18,15.2793815,68.02916733,341.1,15.2793815,68.02916733,341.1,138,15.279411994553794,68.0291768084818
2022-03-01T10:49:30Z,00:02:20,15.2793865,68.02916383,341.1,15.2793865,68.02916383,341.1,140,15.279403978231395,68.02917433779581
2022-03-01T10:49:32Z,00:02:22,15.27938017,68.0291655,341.1,15.27938017,68.0291655,341.1,142,15.279393893897337,68.02917227563161
2022-03-01T10:49:34Z,00:02:23,15.27937417,68.02916717,341.3,15.27937417,68.02916717,341.3,143,15.279383292664653,68.02917024586176
2022-03-01T10:49:36Z,00:02:25,15.27937167,68.0291695,342,15.27937167,68.0291695,342,145,15.279373381725367,68.02916794718686
2022-03-01T10:49:38Z,00:02:27,15.279362,68.02917367,342.3,15.279362,68.02917367,342.3,147,15.27936399258747,68.02916537761888
2022-03-01T10:49:40Z,00:02:29,15.27931883,68.0291875,342.5,15.27931883,68.0291875,342.5,149,15.279354612837952,68.02916260999768
2022-03-01T10:49:42Z,00:02:31,15.2793095,68.029189,343.1,15.2793095,68.029189,343.1,151,15.279344730063789,68.02915971716317
2022-03-01T10:49:44Z,00:02:35,15.2794735,68.029159,343.8,15.2794735,68.029159,343.8,155,15.279333831851973,68.02915677195516
2022-03-01T10:49:46Z,00:02:36,15.2793295,68.02911067,344.4,15.2793295,68.02911067,344.4,156,15.279321772205316,68.02915392696694
2022-03-01T10:49:48Z,00:02:38,15.27929133,68.0291525,344.6,15.27929133,68.0291525,344.6,158,15.279309870789964,68.02915165380551
2022-03-01T10:49:50Z,00:02:40,15.27927517,68.02914467,344.8,15.27927517,68.02914467,344.8,160,15.279299813687892,68.02915050383129
2022-03-01T10:49:52Z,00:02:42,15.27927933,68.02915983,345.2,15.27927933,68.02915983,345.2,162,15.279293286981083,68.02915102840467
2022-03-01T10:49:54Z,00:02:42,15.27927933,68.02915983,346,15.27927933,68.02915983,346,162,15.279291728521358,68.02915373339378
2022-03-01T10:49:56Z,00:02:42,15.27927933,68.02915983,346.1,15.27927933,68.02915983,346.1,162,15.279295583239952,68.02915894269773
2022-03-01T10:49:58Z,00:02:42,15.27927933,68.02915983,344.9,15.27927933,68.02915983,344.9,162,15.279305047837951,68.02916693472326
2022-03-01T10:50:00Z,00:02:42,15.27927933,68.02915983,346.2,15.27927933,68.02915983,346.2,162,15.279320319016444,68.0291779878772
2022-03-01T10:50:02Z,00:02:42,15.27927933,68.02915983,345.7,15.27927933,68.02915983,345.7,162,15.279340853984348,68.02919210829839
2022-03-01T10:50:04Z,00:02:42,15.27927933,68.02915983,346.8,15.27927933,68.02915983,346.8,162,15.279363151981935,68.02920821305358
2022-03-01T10:50:06Z,00:02:56,15.27945083,68.02927483,347.1,15.27945083,68.02927483,347.1,176,15.279382972757315,68.0292249469417
2022-03-01T10:50:08Z,00:02:57,15.2795075,68.02926583,346.3,15.2795075,68.02926583,346.3,177,15.279396076058598,68.02924095476159
2022-03-01T10:50:10Z,00:02:59,15.2793955,68.029262,347.1,15.2793955,68.029262,347.1,179,15.279398221633883,68.02925488131207
2022-03-01T10:50:12Z,00:03:03,15.27939083,68.0292905,344.8,15.27939083,68.0292905,344.8,183,15.279386009279323,68.0292656441764
2022-03-01T10:50:14Z,00:03:04,15.2794045,68.0292735,345.1,15.2794045,68.0292735,345.1,184,15.279359398983203,68.0292732520752
2022-03-01T10:50:16Z,00:03:06,15.27940817,68.029277,345.8,15.27940817,68.029277,345.8,186,15.279319190781857,68.02927798651346
2022-03-01T10:50:18Z,00:03:06,15.27940817,68.029277,346.1,15.27940817,68.029277,346.1,186,15.279266184711608,68.0292801289962
2022-03-01T10:50:20Z,00:03:06,15.27940817,68.029277,347.5,15.27940817,68.029277,347.5,186,15.279202289818956,68.0292799875048
2022-03-01T10:50:22Z,00:03:12,15.27889433,68.02926717,347.9,15.27889433,68.02926717,347.9,192,15.27913385119107,68.02927797592594
2022-03-01T10:50:24Z,00:03:14,15.27889683,68.029271,349.8,15.27889683,68.029271,349.8,194,15.279068322925298,68.02927453462274
2022-03-01T10:50:26Z,00:03:14,15.27889683,68.029271,347.4,15.27889683,68.029271,347.4,194,15.279013159118987,68.02927010395831
2022-03-01T10:50:28Z,00:03:17,15.27896083,68.02924167,347.8,15.27896083,68.02924167,347.8,197,15.278973963232021,68.0292647316651
2022-03-01T10:50:30Z,00:03:19,15.278907,68.02924167,348.6,15.278907,68.02924167,348.6,199,15.278948936174478,68.02925689495311
2022-03-01T10:50:32Z,00:03:21,15.27902183,68.02924817,348.2,15.27902183,68.02924817,348.2,201,15.278934428218971,68.02924467840177
2022-03-01T10:50:34Z,00:03:23,15.27898417,68.0292585,347.9,15.27898417,68.0292585,347.9,203,15.278926789638124,68.02922616659039
2022-03-01T10:50:36Z,00:03:25,15.27896783,68.02925867,348.7,15.27896783,68.02925867,348.7,205,15.278923214991503,68.02920042589588
2022-03-01T10:50:38Z,00:03:25,15.27896783,68.02925867,350.6,15.27896783,68.02925867,350.6,205,15.27892427598647,68.02917044988486
2022-03-01T10:50:40Z,00:03:25,15.27896783,68.02925867,348.3,15.27896783,68.02925867,348.3,205,15.278931388617362,68.0291402139215
2022-03-01T10:50:42Z,00:03:32,15.2787515,68.02900567,348.6,15.2787515,68.02900567,348.6,212,15.278945968878498,68.02911369336995
2022-03-01T10:50:44Z,00:03:32,15.2787515,68.02900567,350.8,15.2787515,68.02900567,350.8,212,15.278969432764193,68.02909486359432
2022-03-01T10:50:46Z,00:03:36,15.27918983,68.0290085,349.2,15.27918983,68.0290085,349.2,216,15.279002363766327,68.0290868771413
2022-03-01T10:50:48Z,00:03:38,15.27915217,68.02906467,351.5,15.27915217,68.02906467,351.5,218,15.279042015366956,68.02908959528773
2022-03-01T10:50:50Z,00:03:40,15.2790235,68.02898617,351.2,15.2790235,68.02898617,351.2,220,15.279084808545695,68.02910205649297
2022-03-01T10:50:52Z,00:03:42,15.279099,68.02907017,349.9,15.279099,68.02907017,349.9,222,15.279127164282157,68.02912329921645
2022-03-01T10:50:54Z,00:03:43,15.27921067,68.02917767,347.8,15.27921067,68.02917767,347.8,223,15.279166311732293,68.02915171898839
2022-03-01T10:50:56Z,00:03:45,15.27935533,68.029244,349.1,15.27935533,68.029244,349.1,225,15.279202712757494,68.02918313962236
2022-03-01T10:50:58Z,00:03:47,15.279164,68.0293115,349.5,15.279164,68.0293115,349.5,227,15.279237637395465,68.02921274200288
2022-03-01T10:51:00Z,00:03:47,15.279164,68.0293115,350.4,15.279164,68.0293115,350.4,227,15.27927235568395,68.02923570701441
2022-03-01T10:51:02Z,00:03:53,15.27932433,68.02927933,351.6,15.27932433,68.02927933,351.6,233,15.279307682979965,68.0292484546128
2022-03-01T10:51:04Z,00:03:55,15.2793245,68.02924883,351.1,15.2793245,68.02924883,351.1,235,15.279342615917773,68.02925236103954
2022-03-01T10:51:06Z,00:03:55,15.2793245,68.02924883,351,15.2793245,68.02924883,351,235,15.279375696450947,68.02925004160748
2022-03-01T10:51:08Z,00:03:58,15.27953617,68.029233,351.5,15.27953617,68.029233,351.5,238,15.279405466533042,68.02924411162952
2022-03-01T10:51:10Z,00:04:00,15.279328,68.02919683,349.3,15.279328,68.02919683,349.3,240,15.279430468117637,68.02923718641851
2022-03-01T10:51:12Z,00:04:02,15.2794675,68.02920683,348.2,15.2794675,68.02920683,348.2,242,15.279449208785774,68.02923140693399
2022-03-01T10:51:14Z,00:04:04,15.27948367,68.02921417,349.2,15.27948367,68.02921417,349.2,244,15.279460058628466,68.02922701672207
2022-03-01T10:51:16Z,00:04:06,15.27952117,68.029228,349.2,15.27952117,68.029228,349.2,246,15.279461353364193,68.02922378497563
2022-03-01T10:51:18Z,00:04:07,15.27945967,68.02922033,350.7,15.27945967,68.02922033,350.7,247,15.279451428711456,68.02922148088743
2022-03-01T10:51:20Z,00:04:09,15.27947067,68.0292195,349.9,15.27947067,68.0292195,349.9,249,15.27942956474004,68.02921985021653
2022-03-01T10:51:22Z,00:04:11,15.27945833,68.02921167,349.6,15.27945833,68.02921167,349.6,251,15.279398818924957,68.02921854498672
2022-03-01T10:51:24Z,00:04:13,15.27938417,68.02922833,350.8,15.27938417,68.02922833,350.8,253,15.279363193092516,68.02921719378807
2022-03-01T10:51:26Z,00:04:15,15.27937083,68.0292405,350.1,15.27937083,68.0292405,350.1,255,15.279326689069023,68.02921542521067
2022-03-01T10:51:28Z,00:04:19,15.27930417,68.02920417,350,15.27930417,68.02920417,350,259,15.279293062564694,68.02921300091892
2022-03-01T10:51:30Z,00:04:20,15.27917283,68.0292235,349.8,15.27917283,68.0292235,349.8,260,15.279265084825377,68.02921021487477
2022-03-01T10:51:32Z,00:04:22,15.27914633,68.029198,351,15.27914633,68.029198,351,262,15.27924528098082,68.02920749411453
2022-03-01T10:51:34Z,00:04:24,15.2791065,68.02919533,349.9,15.2791065,68.02919533,349.9,264,15.279236176160785,68.02920526567455
2022-03-01T10:51:36Z,00:04:24,15.2791065,68.02919533,350.7,15.2791065,68.02919533,350.7,264,15.279240295495008,68.02920395659115
2022-03-01T10:51:38Z,00:04:24,15.2791065,68.02919533,349.4,15.2791065,68.02919533,349.4,264,15.27925833455014,68.02920384669
2022-03-01T10:51:40Z,00:04:30,15.27947283,68.02920683,349.8,15.27947283,68.02920683,349.8,270,15.279283670640371,68.02920462695437
2022-03-01T10:51:42Z,00:04:32,15.27946317,68.02920533,349.4,15.27946317,68.02920533,349.4,272,15.27930785151678,68.0292058411569
2022-03-01T10:51:44Z,00:04:32,15.27946317,68.02920533,350.1,15.27946317,68.02920533,350.1,272,15.279322424930456,68.02920703307016
2022-03-01T10:51:46Z,00:04:32,15.27946317,68.02920533,349.5,15.27946317,68.02920533,349.5,272,15.279321323385453,68.02920780628268
2022-03-01T10:51:48Z,00:04:37,15.27927867,68.0292295,349.4,15.27927867,68.0292295,349.4,277,15.279308018397762,68.02920800364622
2022-03-01T10:51:50Z,00:04:39,15.279164,68.0292155,349.7,15.279164,68.0292155,349.7,279,15.27928836623635,68.02920752782835
2022-03-01T10:51:52Z,00:04:41,15.27923767,68.02920417,350.4,15.27923767,68.02920417,350.4,281,15.27926822317019,68.02920628149666
2022-03-01T10:51:54Z,00:04:43,15.27924983,68.029202,350.9,15.27924983,68.029202,350.9,283,15.279252416499851,68.02920423493642
2022-03-01T10:51:56Z,00:04:43,15.27924983,68.029202,349.7,15.27924983,68.029202,349.7,283,15.279241657652323,68.02920162890362
2022-03-01T10:51:58Z,00:04:48,15.2791085,68.029199,349.6,15.2791085,68.029199,349.6,288,15.279235629086203,68.02919877177185
2022-03-01T10:52:00Z,00:04:49,15.27923633,68.02918283,349.5,15.27923633,68.02918283,349.5,289,15.279234013260085,68.02919597191477
2022-03-01T10:52:02Z,00:04:51,15.27924217,68.02918767,349.4,15.27924217,68.02918767,349.4,291,15.279236322372594,68.02919347019001
2022-03-01T10:52:04Z,00:04:53,15.279269,68.0291985,349.5,15.279269,68.0291985,349.5,293,15.279241387582474,68.02919123739103
2022-03-01T10:52:06Z,00:04:55,15.27928217,68.0291915,349.9,15.27928217,68.0291915,349.9,295,15.279247869788497,68.0291891767953
2022-03-01T10:52:08Z,00:04:59,15.27925533,68.02919717,351.8,15.27925533,68.02919717,351.8,299,15.279254429889443,68.0291871916803
2022-03-01T10:52:10Z,00:05:01,15.27926317,68.02918633,349,15.27926317,68.02918633,349,301,15.27925972878409,68.02918518532347
2022-03-01T10:52:12Z,00:05:02,15.27926867,68.029183,348.9,15.27926867,68.029183,348.9,302,15.27926265768331,68.02918315008488
2022-03-01T10:52:14Z,00:05:04,15.27925783,68.029181500000007,348.6,15.27925783,68.029181500000007,348.6,304,15.279263029046398,68.02918143465502
2022-03-01T10:52:16Z,00:05:06,15.27927167,68.02917933,348.6,15.27927167,68.02917933,348.6,306,15.27926088564476,68.02918047680691
2022-03-01T10:52:18Z,00:05:08,15.27927733,68.02917817,348.7,15.27927733,68.02917817,348.7,308,15.279256270249792,68.02918071431363
2022-03-01T10:52:20Z,00:05:10,15.279254,68.02917767,348.2,15.279254,68.02917767,348.2,310,15.279249524523525,68.02918247597619
2022-03-01T10:52:22Z,00:05:12,15.27927417,68.029173170000007,348,15.27927417,68.029173170000007,348,312,15.279242185690482,68.02918565470719
2022-03-01T10:52:24Z,00:05:14,15.27924583,68.02917783,347.7,15.27924583,68.02917783,347.7,314,15.279236089865817,68.02919003444728
2022-03-01T10:52:26Z,00:05:15,15.27920983,68.02919167,347.9,15.27920983,68.02919167,347.9,315,15.279233073164676,68.02919539913702
2022-03-01T10:52:28Z,00:05:17,15.27919183,68.02920117,347.4,15.27919183,68.02920117,347.4,317,15.279234562339255,68.02920144494514
2022-03-01T10:52:30Z,00:05:19,15.279197,68.0292115,348.8,15.279197,68.0292115,348.8,319,15.279240346689887,68.02920751695285
2022-03-01T10:52:32Z,00:05:21,15.27922333,68.02921883,347.2,15.27922333,68.02921883,347.2,321,15.279249806153945,68.02921287246946
2022-03-01T10:52:34Z,00:05:25,15.2792645,68.0292235,346.7,15.2792645,68.0292235,346.7,325,15.2792623206688,68.02921676880435
2022-03-01T10:52:36Z,00:05:27,15.279271,68.02922933,346.4,15.279271,68.02922933,346.4,327,15.279277270171837,68.02921846326686
2022-03-01T10:52:38Z,00:05:28,15.27929467,68.02923033,346.5,15.27929467,68.02923033,346.5,328,15.279293840228458,68.02921745434895
2022-03-01T10:52:40Z,00:05:30,15.27932783,68.02922617,348.6,15.27932783,68.02922617,348.6,330,15.279310438916292,68.02921420527318
2022-03-01T10:52:42Z,00:05:32,15.27935617,68.029212329999993,347.6,15.27935617,68.029212329999993,347.6,332,15.27932527994099,68.02920942044474
2022-03-01T10:52:44Z,00:05:34,15.27936767,68.0292015,347.3,15.27936767,68.0292015,347.3,334,15.279336577008209,68.029203804268775
2022-03-01T10:52:46Z,00:05:36,15.279349,68.02918817,347.4,15.279349,68.02918817,347.4,336,15.279342930732026,68.02919797152197
2022-03-01T10:52:48Z,00:05:38,15.27933817,68.02917617,347.5,15.27933817,68.02917617,347.5,338,15.279344489360154,68.02919217846654
2022-03-01T10:52:50Z,00:05:40,15.27933783,68.02917533,347.8,15.27933783,68.02917533,347.8,340,15.27934178804875,68.02918659173623
2022-03-01T10:52:52Z,00:05:41,15.27935667,68.0291835,348.2,15.27935667,68.0291835,348.2,341,15.279335361953938,68.0291813779648
2022-03-01T10:52:54Z,00:05:43,15.2793355,68.02918383,347,15.2793355,68.02918383,347,343,15.279325904197831,68.02917670495246
2022-03-01T10:52:56Z,00:05:45,15.27932217,68.029176,346.6,15.27932217,68.029176,346.6,345,15.279314739766395,68.0291727451653
2022-03-01T10:52:58Z,00:05:47,15.279337,68.02918333,345,15.279337,68.02918333,345,347,15.279303351611572,68.02916967223602
2022-03-01T10:53:00Z,00:05:51,15.27924517,68.02918283,345.6,15.27924517,68.02918283,345.6,351,15.2792932226853,68.02916765979722
2022-03-01T10:53:02Z,00:05:53,15.27924283,68.02916667,344.7,15.27924283,68.02916667,344.7,353,15.279285582149297,68.02916689560756
2022-03-01T10:53:04Z,00:05:53,15.27924283,68.02916667,344,15.27924283,68.02916667,344,353,15.279280644004409,68.02916762392964
2022-03-01T10:53:06Z,00:05:56,15.2792885,68.029146,344.8,15.2792885,68.029146,344.8,356,15.279278368461243,68.02917010315208
2022-03-01T10:53:08Z,00:05:58,15.27932517,68.02912917,344.7,15.27932517,68.02912917,344.7,358,15.279278715730436,68.02917459166355
2022-03-01T10:53:10Z,00:06:00,15.27933817,68.02912083,345.3,15.27933817,68.02912083,345.3,360,15.27928164602261,68.02918134785264
2022-03-01T10:53:12Z,00:06:02,15.2791705,68.02924667,344.6,15.2791705,68.02924667,344.6,362,15.279286968395914,68.0291903509236
2022-03-01T10:53:14Z,00:06:04,15.27926467,68.02923983,343.7,15.27926467,68.02923983,343.7,364,15.2792938872986,68.02920046334326
2022-03-01T10:53:16Z,00:06:06,15.279315,68.0292165,343.8,15.279315,68.0292165,343.8,366,15.279301456026452,68.02921026839398
2022-03-01T10:53:18Z,00:06:07,15.27941083,68.02920667,345.9,15.27941083,68.02920667,345.9,367,15.279308727875259,68.02921834935815
2022-03-01T10:53:20Z,00:06:09,15.27943583,68.0292085,344,15.27943583,68.0292085,344,369,15.279315182500415,68.02922354336981
2022-03-01T10:53:22Z,00:06:11,15.27927117,68.02923233,344.7,15.27927117,68.02923233,344.7,371,15.279322004995814,68.02922570296931
2022-03-01T10:53:24Z,00:06:13,15.27918383,68.0292615,344.8,15.27918383,68.0292615,344.8,373,15.279330806814967,68.02922493454867
2022-03-01T10:53:26Z,00:06:17,15.27929083,68.029245,341.2,15.27929083,68.029245,341.2,377,15.279343199411377,68.02922134449987
2022-03-01T10:53:28Z,00:06:19,15.27938,68.02922283,343.7,15.27938,68.02922283,343.7,379,15.279360230803627,68.02921516570818
2022-03-01T10:53:30Z,00:06:20,15.27939367,68.02919233,340.7,15.27939367,68.02919233,340.7,380,15.279380695270609,68.02920713703192
2022-03-01T10:53:32Z,00:06:22,15.279418,68.02918067,342.7,15.279418,68.02918067,342.7,382,15.279402823656271,68.02919812382274
2022-03-01T10:53:34Z,00:06:24,15.27945017,68.0291695,341.4,15.27945017,68.0291695,341.4,384,15.279424846804584,68.02918899143215
2022-03-01T10:53:36Z,00:06:26,15.27946517,68.02916883,341.2,15.27946517,68.02916883,341.2,386,15.279444995559505,68.02918060521179
2022-03-01T10:53:38Z,00:06:28,15.27944233,68.02917533,342.8,15.27944233,68.02917533,342.8,388,15.279461646723464,68.0291735824803
2022-03-01T10:53:40Z,00:06:30,15.2794545,68.029172,342.6,15.2794545,68.029172,342.6,390,15.279473760932788,68.02916754842433
2022-03-01T10:53:42Z,00:06:32,15.279433,68.029162,343.3,15.279433,68.029162,343.3,392,15.27948044478227,68.0291618801976
2022-03-01T10:53:44Z,00:06:33,15.27950433,68.02916783,344,15.27950433,68.02916783,344,393,15.279480804866708,68.02915595495382
2022-03-01T10:53:46Z,00:06:35,15.279473,68.02918283,341.3,15.279473,68.02918283,341.3,395,15.279473955302008,68.02914944534774
2022-03-01T10:53:48Z,00:06:37,15.27960033,68.02918117,340.6,15.27960033,68.02918117,340.6,397,15.279459040288515,68.0291432060385
2022-03-01T10:53:50Z,00:06:41,15.27937933,68.0290885,341.6,15.27937933,68.0290885,341.6,401,15.2794352115477,68.02913838718621
2022-03-01T10:53:52Z,00:06:43,15.27938183,68.0290875,341.1,15.27938183,68.0290875,341.1,403,15.279401620801018,68.02913613895106
2022-03-01T10:53:54Z,00:06:45,15.2794205,68.0291195,340.5,15.2794205,68.0291195,340.5,405,15.279358029830389,68.02913729723619
2022-03-01T10:53:56Z,00:06:46,15.27934183,68.02915717,342.2,15.27934183,68.02915717,342.2,406,15.279306640659525,68.02914144091667
2022-03-01T10:53:58Z,00:06:48,15.279263,68.0291665,340.1,15.279263,68.0291665,340.1,408,15.279250265372593,68.02914783461055
2022-03-01T10:54:00Z,00:06:48,15.279263,68.0291665,341.6,15.279263,68.0291665,341.6,408,15.279191716053766,68.02915574293586
2022-03-01T10:54:02Z,00:06:52,15.27904083,68.02917967,339.3,15.27904083,68.02917967,339.3,412,15.279133807749888,68.02916461937544
2022-03-01T10:54:04Z,00:06:52,15.27904083,68.02917967,339.7,15.27904083,68.02917967,339.7,412,15.279079367358538,68.02917467287108
2022-03-01T10:54:06Z,00:06:52,15.27904083,68.02917967,339.6,15.27904083,68.02917967,339.6,412,15.279031224739947,68.02918630122946
2022-03-01T10:54:08Z,00:06:58,15.27901067,68.0291595,337.9,15.27901067,68.0291595,337.9,418,15.278992209754371,68.02919990225715
2022-03-01T10:54:10Z,00:06:59,15.278965,68.02916017,339.8,15.278965,68.02916017,339.8,419,15.278965152262066,68.02921587376076
2022-03-01T10:54:12Z,00:06:59,15.278965,68.02916017,337.2,15.278965,68.02916017,337.2,419,15.278952644974632,68.02923399362997
2022-03-01T10:54:14Z,00:07:03,15.278917,68.02930183,339.8,15.278917,68.02930183,339.8,423,15.278956332009153,68.02925156008679
2022-03-01T10:54:16Z,00:07:03,15.278917,68.02930183,339.1,15.278917,68.02930183,339.1,423,15.278977620334073,68.02926525143629
2022-03-01T10:54:18Z,00:07:09,15.27883083,68.02937533,338.6,15.27883083,68.02937533,338.6,429,15.279017916917834,68.02927174598352
2022-03-01T10:54:20Z,00:07:09,15.27883083,68.02937533,338.5,15.27883083,68.02937533,338.5,429,15.279077098219714,68.02926875934877
2022-03-01T10:54:22Z,00:07:12,15.27936733,68.02919017,339.5,15.27936733,68.02919017,339.5,432,15.279148918662356,68.02925815641301
2022-03-01T10:54:24Z,00:07:14,15.27933683,68.0292255,338.2,15.27933683,68.0292255,338.2,434,15.279225602159237,68.02924283937242
2022-03-01T10:54:26Z,00:07:16,15.279336,68.02922517,338,15.279336,68.02922517,338,436,15.279299372623829,68.02922571042319
2022-03-01T10:54:28Z,00:07:18,15.27945867,68.02922167,337.3,15.27945867,68.02922167,337.3,438,15.279363805316063,68.02920928532214
2022-03-01T10:54:30Z,00:07:20,15.27942267,68.02914267,336.2,15.27942267,68.02914267,336.2,440,15.279417880881702,68.02919453406882
2022-03-01T10:54:32Z,00:07:22,15.2794705,68.02915717,337.1,15.2794705,68.02915717,337.1,442,15.279461931312948,68.02918204022345
2022-03-01T10:54:34Z,00:07:22,15.2794705,68.02915717,337,15.2794705,68.02915717,337,442,15.279496288602019,68.0291723873462
2022-03-01T10:54:36Z,00:07:22,15.2794705,68.02915717,336.4,15.2794705,68.02915717,336.4,442,15.279521284741122,68.02916615899728
2022-03-01T10:54:38Z,00:07:28,15.27978367,68.02917717,338.2,15.27978367,68.02917717,338.2,448,15.279537712804125,68.02916371284385
2022-03-01T10:54:40Z,00:07:31,15.27944817,68.02916133,336.3,15.27944817,68.02916133,336.3,451,15.279548210191498,68.0291645029809
2022-03-01T10:54:42Z,00:07:33,15.27955467,68.02918233,334.5,15.27955467,68.02918233,334.5,453,15.279555875385366,68.02916775761028
2022-03-01T10:54:44Z,00:07:33,15.27955467,68.02918233,334.1,15.27955467,68.02918233,334.1,453,15.27956380686786,68.0291727049339
2022-03-01T10:54:46Z,00:07:33,15.27955467,68.02918233,337.4,15.27955467,68.02918233,337.4,453,15.279574810827125,68.02917872665209
2022-03-01T10:54:48Z,00:07:33,15.27955467,68.02918233,335.5,15.27955467,68.02918233,335.5,453,15.279590524275424,68.02918581845871
2022-03-01T10:54:50Z,00:07:33,15.27955467,68.02918233,334.8,15.27955467,68.02918233,334.8,453,15.27961229193104,68.02919412954606
2022-03-01T10:54:52Z,00:07:33,15.27955467,68.02918233,335.5,15.27955467,68.02918233,335.5,453,15.279641458512257,68.02920380910636
2022-03-01T10:54:54Z,00:07:44,15.2796845,68.0292065,334.1,15.2796845,68.0292065,334.1,464,15.279678614448688,68.02921485716001
2022-03-01T10:54:56Z,00:07:45,15.27963067,68.02922933,334.4,15.27963067,68.02922933,334.4,465,15.279721333015276,68.02922667703963
2022-03-01T10:54:58Z,00:07:49,15.27985433,68.02926067,335.2,15.27985433,68.02926067,335.2,469,15.279766433198276,68.02923852290597
2022-03-01T10:55:00Z,00:07:49,15.27985433,68.02926067,336.1,15.27985433,68.02926067,336.1,469,15.27981073398395,68.02924964891972
2022-03-01T10:55:02Z,00:07:49,15.27985433,68.02926067,336.9,15.27985433,68.02926067,336.9,469,15.27985084425311,68.02925935037256
2022-03-01T10:55:04Z,00:07:49,15.27985433,68.02926067,336.8,15.27985433,68.02926067,336.8,469,15.279882532464665,68.02926708707986
2022-03-01T10:55:06Z,00:07:49,15.27985433,68.02926067,335.3,15.27985433,68.02926067,335.3,469,15.279901356972093,68.02927235998791
2022-03-01T10:55:08Z,00:07:49,15.27985433,68.02926067,334.2,15.27985433,68.02926067,334.2,469,15.27990287612884,68.02927467004311
2022-03-01T10:55:10Z,00:07:49,15.27985433,68.02926067,335.1,15.27985433,68.02926067,335.1,469,15.279882648288384,68.02927351819169
2022-03-01T10:55:12Z,00:08:02,15.280233,68.029333,334.8,15.280233,68.029333,334.8,482,15.279838224906454,68.02926861693804
2022-03-01T10:55:14Z,00:08:02,15.280233,68.029333,335.6,15.280233,68.029333,335.6,482,15.279775129847929,68.02926052501851
2022-03-01T10:55:16Z,00:08:05,15.27944383,68.029205,335.4,15.27944383,68.029205,335.4,485,15.279700880079961,68.02925001272752
2022-03-01T10:55:18Z,00:08:07,15.27951033,68.02923267,337.6,15.27951033,68.02923267,337.6,487,15.279622992569701,68.02923785035946
2022-03-01T10:55:20Z,00:08:11,15.27943383,68.0292025,337.4,15.27943383,68.0292025,337.4,491,15.279548880228434,68.02922487903545
2022-03-01T10:55:22Z,00:08:13,15.27942833,68.02922267,334.2,15.27942833,68.02922267,334.2,493,15.279485539743963,68.0292122231833
2022-03-01T10:55:24Z,00:08:13,15.27942833,68.02922267,334.3,15.27942833,68.02922267,334.3,493,15.279439863748218,68.02920107805747
2022-03-01T10:55:26Z,00:08:16,15.27920117,68.02911933,334.5,15.27920117,68.02911933,334.5,496,15.279418744873144,68.02919263891256
2022-03-01T10:55:28Z,00:08:18,15.2793165,68.02921717,334.5,15.2793165,68.02921717,334.5,498,15.279426296414789,68.02918789803397
2022-03-01T10:55:30Z,00:08:18,15.2793165,68.02921717,334.3,15.2793165,68.02921717,334.3,498,15.279455514325738,68.02918703583079
2022-03-01T10:55:32Z,00:08:22,15.27954517,68.02915117,335.7,15.27954517,68.02915117,335.7,502,15.279496615222675,68.02919002974305
2022-03-01T10:55:34Z,00:08:22,15.27954517,68.02915117,336.8,15.27954517,68.02915117,336.8,502,15.279539815722305,68.0291968572108
2022-03-01T10:55:36Z,00:08:26,15.27976617,68.02918083,336.8,15.27976617,68.02918083,336.8,506,15.279575332441327,68.02920749567406
2022-03-01T10:55:38Z,00:08:27,15.27978833,68.0292365,335.9,15.27978833,68.0292365,335.9,507,15.279595530971037,68.02922157145035
2022-03-01T10:55:40Z,00:08:29,15.27975483,68.029241,336.7,15.27975483,68.029241,336.7,509,15.279601372801165,68.02923730636712
2022-03-01T10:55:42Z,00:08:31,15.27964017,68.02926,336.3,15.27964017,68.02926,336.3,511,15.279595968396027,68.02925257112942
2022-03-01T10:55:44Z,00:08:35,15.2794835,68.02927717,335.2,15.2794835,68.02927717,335.2,515,15.279582428219946,68.02926523644219
2022-03-01T10:55:46Z,00:08:37,15.27946233,68.029287,335.7,15.27946233,68.029287,335.7,517,15.279563850561152,68.02927356990953
2022-03-01T10:55:48Z,00:08:39,15.27954333,68.0293005,334.2,15.27954333,68.0293005,334.2,519,15.2795432850035,68.02927742673188
2022-03-01T10:55:50Z,00:08:40,15.27948417,68.02932567,335,15.27948417,68.02932567,335,520,15.279523768954743,68.02927705900885
2022-03-01T10:55:52Z,00:08:42,15.27947133,68.02929583,333.8,15.27947133,68.02929583,333.8,522,15.279508339822645,68.02927271883993
2022-03-01T10:55:54Z,00:08:44,15.27942683,68.02925667,334.8,15.27942683,68.02925667,334.8,524,15.27949920682386,68.02926483043838
2022-03-01T10:55:56Z,00:08:46,15.27952267,68.0292215,333.5,15.27952267,68.0292215,333.5,526,15.279495266410644,68.02925450647213
2022-03-01T10:55:58Z,00:08:48,15.27950567,68.02922867,334.8,15.27950567,68.02922867,334.8,528,15.27949458684415,68.02924303172274
2022-03-01T10:56:00Z,00:08:50,15.27953333,68.029221,332.9,15.27953333,68.029221,332.9,530,15.279495236385538,68.02923169097193
2022-03-01T10:56:02Z,00:08:52,15.27955617,68.02922433,332.8,15.27955617,68.02922433,332.8,532,15.279495283295969,68.02922176900115
2022-03-01T10:56:04Z,00:08:53,15.27947433,68.029198,332.9,15.27947433,68.029198,332.9,533,15.279493377141856,68.02921427472086
2022-03-01T10:56:06Z,00:08:55,15.27949017,68.02920917,332.1,15.27949017,68.02920917,332.1,535,15.279490492710654,68.02920911355623
2022-03-01T10:56:08Z,00:08:57,15.27949967,68.02920733,332.5,15.27949967,68.02920733,332.5,537,15.279488186095065,68.02920591506124
2022-03-01T10:56:10Z,00:09:01,15.27945433,68.02920083,333.2,15.27945433,68.02920083,333.2,541,15.27948801338781,68.02920430878982
2022-03-01T10:56:12Z,00:09:03,15.27944983,68.02920083,333,15.27944983,68.02920083,333,543,15.279490998462185,68.0292039359977
2022-03-01T10:56:14Z,00:09:05,15.27943867,68.0291985,334.2,15.27943867,68.0291985,334.2,545,15.279496036313827,68.02920448474774
2022-03-01T10:56:16Z,00:09:06,15.279524,68.02921567,333.5,15.279524,68.02921567,333.5,546,15.279501489718958,68.02920565480454
2022-03-01T10:56:18Z,00:09:08,15.27956033,68.0292205,332.8,15.27956033,68.0292205,332.8,548,15.279505721453809,68.02920714593279
2022-03-01T10:56:20Z,00:09:10,15.27957467,68.02922283,333.2,15.27957467,68.02922283,333.2,550,15.279507430067632,68.02920873749167
2022-03-01T10:56:22Z,00:09:12,15.27948517,68.02919667,331.5,15.27948517,68.02919667,331.5,552,15.279506657201805,68.02921052721899
2022-03-01T10:56:24Z,00:09:14,15.27948117,68.02920033,331.3,15.27948117,68.02920033,331.3,554,15.279503780270733,68.02921269244712
2022-03-01T10:56:26Z,00:09:16,15.27948183,68.029206,331.2,15.27948183,68.029206,331.2,556,15.279499176688818,68.0292154105084
2022-03-01T10:56:28Z,00:09:18,15.279482,68.02921433,331.2,15.279482,68.02921433,331.2,558,15.279493143136403,68.0292187335232
2022-03-01T10:56:30Z,00:09:19,15.27949833,68.02922617,331.2,15.27949833,68.02922617,331.2,559,15.27948565335755,68.02922221276349
2022-03-01T10:56:32Z,00:09:21,15.27949517,68.02923017,331.1,15.27949517,68.02923017,331.1,561,15.279476600362269,68.02922527428916
2022-03-01T10:56:34Z,00:09:23,15.27949283,68.029233,333.4,15.27949283,68.029233,333.4,563,15.27946587716057,68.02922734416016
2022-03-01T10:56:36Z,00:09:27,15.27943633,68.0292325,331.2,15.27943633,68.0292325,331.2,567,15.279453376762447,68.02922784843634
2022-03-01T10:56:38Z,00:09:29,15.27945017,68.029231,333.5,15.27945017,68.029231,333.5,569,15.279439240789024,68.02922640141638
2022-03-01T10:56:40Z,00:09:31,15.27942367,68.02923133,332.2,15.27942367,68.02923133,332.2,571,15.279424605305891,68.02922337035388
2022-03-01T10:56:42Z,00:09:32,15.2794225,68.02924133,330.9,15.2794225,68.02924133,330.9,572,15.279410854989738,68.02921931074113
2022-03-01T10:56:44Z,00:09:34,15.27941617,68.0292455,330.6,15.27941617,68.0292455,330.6,574,15.279399374517276,68.02921477807048
2022-03-01T10:56:46Z,00:09:36,15.2794005,68.02919633,332.4,15.2794005,68.02919633,332.4,576,15.279391360830079,68.02921037241829
2022-03-01T10:56:48Z,00:09:38,15.27930733,68.02916317,332,15.27930733,68.02916317,332,578,15.279387259929285,68.02920687219716
2022-03-01T10:56:50Z,00:09:40,15.279339330000001,68.02919667,331.3,15.279339330000001,68.02919667,331.3,580,15.279387330080901,68.02920510040364
2022-03-01T10:56:52Z,00:09:42,15.27931933,68.02918833,333.8,15.27931933,68.02918833,333.8,582,15.279391829550947,68.0292058800344
2022-03-01T10:56:54Z,00:09:44,15.27948783,68.02920533,332.1,15.27948783,68.02920533,332.1,584,15.27940058867682,68.02920980358923
2022-03-01T10:56:56Z,00:09:45,15.279445,68.0292195,332.5,15.279445,68.0292195,332.5,585,15.279411726081518,68.02921654158088
2022-03-01T10:56:58Z,00:09:47,15.27940583,68.02923733,331.4,15.27940583,68.02923733,331.4,587,15.279422932459422,68.0292255340253
2022-03-01T10:57:00Z,00:09:49,15.27936117,68.0292505,331.7,15.27936117,68.0292505,331.7,589,15.279431898504924,68.02923622093843
2022-03-01T10:57:02Z,00:09:53,15.27938533,68.02927667,332.1,15.27938533,68.02927667,332.1,593,15.279436314912402,68.0292480423362
2022-03-01T10:57:04Z,00:09:55,15.27941667,68.02926833,330.9,15.27941667,68.02926833,330.9,595,15.279433854772932,68.02926068842933
2022-03-01T10:57:06Z,00:09:57,15.27948483,68.02925817,330.6,15.27948483,68.02925817,330.6,597,15.279422120764336,68.02927485020746
2022-03-01T10:57:08Z,00:09:58,15.27957283,68.02925733,331.2,15.27957283,68.02925733,331.2,598,15.279398697961117,68.02929146885499
2022-03-01T10:57:10Z,00:10:00,15.279611,68.0292585,329.3,15.279611,68.0292585,329.3,600,15.279361171437785,68.0293114855563
2022-03-01T10:57:12Z,00:10:02,15.279211,68.0293245,328.4,15.279211,68.0293245,328.4,602,15.27930869151843,68.02933524386572
2022-03-01T10:57:14Z,00:10:04,15.27920367,68.02933383,331.5,15.27920367,68.02933383,331.5,604,15.279246669525465,68.02936069681711
2022-03-01T10:57:16Z,00:10:06,15.279145,68.02939217,331.1,15.279145,68.02939217,331.1,606,15.279182082030871,68.02938519981431
2022-03-01T10:57:18Z,00:10:06,15.279145,68.02939217,330.8,15.279145,68.02939217,330.8,606,15.279121905606646,68.0294061082611
2022-03-01T10:57:20Z,00:10:10,15.2790445,68.029436,330.9,15.2790445,68.029436,330.9,610,15.279072474468133,68.02942075918584
2022-03-01T10:57:22Z,00:10:11,15.27899283,68.02945683,330.6,15.27899283,68.02945683,330.6,611,15.2790375534041,68.02942641611479
2022-03-01T10:57:24Z,00:10:11,15.27899283,68.02945683,327.8,15.27899283,68.02945683,327.8,611,15.279020264846661,68.02942032419882
2022-03-01T10:57:26Z,00:10:15,15.27889883,68.0294985,330.9,15.27889883,68.0294985,330.9,615,15.279023731227948,68.02939972858874
2022-03-01T10:57:28Z,00:10:15,15.27889883,68.0294985,329.5,15.27889883,68.0294985,329.5,615,15.27904954672248,68.02936347087835
2022-03-01T10:57:30Z,00:10:15,15.27889883,68.0294985,329.6,15.27889883,68.0294985,329.6,615,15.279093192474395,68.02931677843333
2022-03-01T10:57:32Z,00:10:22,15.279353,68.02909933,331,15.279353,68.02909933,331,622,15.279148621370235,68.02926647506224
2022-03-01T10:57:34Z,00:10:22,15.279353,68.02909933,329.9,15.279353,68.02909933,329.9,622,15.279209786296537,68.02921938457371
2022-03-01T10:57:36Z,00:10:22,15.279353,68.02909933,327.6,15.279353,68.02909933,327.6,622,15.279270640139837,68.02918233077641
2022-03-01T10:57:38Z,00:10:22,15.279353,68.02909933,329.7,15.279353,68.02909933,329.7,622,15.279326281783785,68.02916058854211
2022-03-01T10:57:40Z,00:10:22,15.279353,68.02909933,329.2,15.279353,68.02909933,329.2,622,15.279376394100414,68.02915323699547
2022-03-01T10:57:42Z,00:10:33,15.27934417,68.02911,327.2,15.27934417,68.02911,327.2,633,15.279421805958862,68.02915780632442
2022-03-01T10:57:44Z,00:10:34,15.27945267,68.029164,330.6,15.27945267,68.029164,330.6,634,15.279463346228274,68.02917182671676
2022-03-01T10:57:46Z,00:10:36,15.2795195,68.0292165,329.8,15.2795195,68.0292165,329.8,636,15.279501492983135,68.0291926778934
2022-03-01T10:57:48Z,00:10:38,15.27956783,68.029265,330.6,15.27956783,68.029265,330.6,638,15.279535321119349,68.02921713770701
2022-03-01T10:57:50Z,00:10:40,15.27959,68.0292865,328.4,15.27959,68.0292865,328.4,640,15.279563554738163,68.02924183354321
2022-03-01T10:57:52Z,00:10:41,15.27960067,68.02929617,326.9,15.27960067,68.02929617,326.9,641,15.27958491794083,68.02926339278773
2022-03-01T10:57:54Z,00:10:43,15.27961017,68.0293,326.8,15.27961017,68.0293,326.8,643,15.279598657795557,68.02927921514134
2022-03-01T10:57:56Z,00:10:45,15.279627,68.0293055,328,15.279627,68.0293055,328,645,15.279606113238383,68.02928978956558
2022-03-01T10:57:58Z,00:10:49,15.27961083,68.029301,327.7,15.27961083,68.029301,327.7,649,15.279609146172303,68.02929637733702
2022-03-01T10:58:00Z,00:10:51,15.279601,68.02930783,327,15.279601,68.02930783,327,651,15.279609618500311,68.02930023973234
2022-03-01T10:58:02Z,00:10:53,15.2795995,68.02929633,328.9,15.2795995,68.02929633,328.9,653,15.279609392125401,68.02930263802814
2022-03-01T10:58:04Z,00:10:54,15.279595,68.02928567,329.2,15.279595,68.02928567,329.2,654,15.279610107121652,68.02930463425734
2022-03-01T10:58:06Z,00:10:56,15.2795905,68.029279,329.2,15.2795905,68.029279,329.2,656,15.279612516247484,68.02930649347788
2022-03-01T10:58:08Z,00:10:58,15.27959467,68.0292775,327.9,15.27959467,68.0292775,327.9,658,15.279617150432394,68.02930828150394
2022-03-01T10:58:10Z,00:10:58,15.27959467,68.0292775,328.9,15.27959467,68.0292775,328.9,658,15.279624540605885,68.02931006414974
2022-03-01T10:58:12Z,00:11:02,15.27957133,68.0293355,328.1,15.27957133,68.0293355,328.1,662,15.279634798161132,68.02931165634634
2022-03-01T10:58:14Z,00:11:04,15.279689,68.0293105,330.3,15.279689,68.0293105,330.3,664,15.279646356345983,68.02931186949267
2022-03-01T10:58:16Z,00:11:06,15.27969433,68.0293555,328.5,15.27969433,68.0293555,328.5,666,15.279657228871963,68.02930926410451
2022-03-01T10:58:18Z,00:11:07,15.27971467,68.02936633,328.1,15.27971467,68.02936633,328.1,667,15.279665429450592,68.02930240069769
2022-03-01T10:58:20Z,00:11:09,15.27968067,68.0293045,327.3,15.27968067,68.0293045,327.3,669,15.279669447474735,68.02929045704333
2022-03-01T10:58:22Z,00:11:11,15.27966917,68.02927133,328.4,15.27966917,68.02927133,328.4,671,15.27966967506262,68.02927507993411
2022-03-01T10:58:24Z,00:11:15,15.2796545,68.02922967,329.4,15.2796545,68.02922967,329.4,675,15.27966698001381,68.02925853341803
2022-03-01T10:58:26Z,00:11:17,15.27964617,68.02921717,329.6,15.27964617,68.02921717,329.6,677,15.279662230127865,68.02924308154309
2022-03-01T10:58:28Z,00:11:19,15.27965133,68.0292115,328.6,15.27965133,68.0292115,328.6,679,15.279656218376257,68.0292305651104
2022-03-01T10:58:30Z,00:11:20,15.279657,68.02921017,326.4,15.279657,68.02921017,326.4,680,15.279649438417946,68.02922113193353
2022-03-01T10:58:32Z,00:11:22,15.279657,68.02921,328,15.279657,68.02921,328,682,15.279642309083822,68.02921450657915
2022-03-01T10:58:34Z,00:11:24,15.27965567,68.02920983,327.9,15.27965567,68.02920983,327.9,684,15.279635249204741,68.02921041361392
2022-03-01T10:58:36Z,00:11:26,15.279614,68.0292105,327.8,15.279614,68.0292105,327.8,686,15.279628677611583,68.02920857760454
2022-03-01T10:58:38Z,00:11:28,15.2796135,68.029214,326.1,15.2796135,68.029214,326.1,688,15.279623031312951,68.02920870696673
2022-03-01T10:58:40Z,00:11:30,15.2796145,68.02921567,324.8,15.2796145,68.02921567,324.8,690,15.279618820028386,68.02921044551259
2022-03-01T10:58:42Z,00:11:32,15.27961167,68.02922067,327.2,15.27961167,68.02922067,327.2,692,15.279616571655165,68.02921342090332
2022-03-01T10:58:44Z,00:11:33,15.2796135,68.02922317,326.4,15.2796135,68.02922317,326.4,693,15.279616814090563,68.02921726080007
2022-03-01T10:58:46Z,00:11:35,15.27961733,68.0292245,327.2,15.27961733,68.0292245,327.2,695,15.279620077744992,68.02922179949721
2022-03-01T10:58:48Z,00:11:37,15.27962133,68.0292285,326.7,15.27962133,68.0292285,326.7,697,15.2796269030814,68.02922769782212
2022-03-01T10:58:50Z,00:11:41,15.279639,68.0292335,326.7,15.279639,68.0292335,326.7,701,15.279637833075876,68.02923582323541
2022-03-01T10:58:52Z,00:11:41,15.279639,68.0292335,325.4,15.279639,68.0292335,325.4,701,15.279653410704494,68.02924704319769
2022-03-01T10:58:54Z,00:11:41,15.279639,68.0292335,325.7,15.279639,68.0292335,325.7,701,15.279673587248324,68.02926171785204
2022-03-01T10:58:56Z,00:11:46,15.279654,68.02924267,326.9,15.279654,68.02924267,326.9,706,15.27969594720834,68.02927817807185
2022-03-01T10:58:58Z,00:11:48,15.2796625,68.02924417,327,15.2796625,68.02924417,327,708,15.279717483390495,68.02929424741302
2022-03-01T10:59:00Z,00:11:50,15.27977867,68.0293365,325.1,15.27977867,68.0293365,325.1,710,15.279735188600746,68.02930774943141
2022-03-01T10:59:02Z,00:11:52,15.27980967,68.02935883,325.5,15.27980967,68.02935883,325.5,712,15.27974605564505,68.02931650768294
2022-03-01T10:59:04Z,00:11:52,15.27980967,68.02935883,325.4,15.27980967,68.02935883,325.4,712,15.27974794544924,68.02931881169681
2022-03-01T10:59:06Z,00:11:52,15.27980967,68.02935883,326.1,15.27980967,68.02935883,326.1,712,15.279742191418615,68.02931481489567
2022-03-01T10:59:08Z,00:11:52,15.27980967,68.02935883,326.4,15.27980967,68.02935883,326.4,712,15.279730995078362,68.02930513667552
2022-03-01T10:59:10Z,00:11:52,15.27980967,68.02935883,325.8,15.27980967,68.02935883,325.8,712,15.279716557953668,68.02929039643234
2022-03-01T10:59:12Z,00:12:02,15.279504,68.029173170000007,325.7,15.279504,68.029173170000007,325.7,722,15.279701084116503,68.02927149366559
2022-03-01T10:59:14Z,00:12:04,15.27957333,68.02920617,324.2,15.27957333,68.02920617,324.2,724,15.279686787825996,68.02925044828883
2022-03-01T10:59:16Z,00:12:06,15.27967133,68.02922533,324.8,15.27967133,68.02922533,324.8,726,15.279675885888068,68.0292295603191
2022-03-01T10:59:18Z,00:12:07,15.2797255,68.02922133,323.1,15.2797255,68.02922133,323.1,727,15.279670595108644,68.02921112977343
2022-03-01T10:59:20Z,00:12:09,15.27967333,68.02918833,324.5,15.27967333,68.02918833,324.5,729,15.279672457130626,68.0291970081029
2022-03-01T10:59:22Z,00:12:11,15.2795965,68.029161,323.8,15.2795965,68.029161,323.8,731,15.279680312944803,68.02918725249498
2022-03-01T10:59:24Z,00:12:15,15.27972183,68.02916717,323.6,15.27972183,68.02916717,323.6,735,15.279692328378966,68.02918147157118
2022-03-01T10:59:26Z,00:12:17,15.27973267,68.029181500000007,324.5,15.27973267,68.029181500000007,324.5,737,15.27970666926088,68.02917927395298
2022-03-01T10:59:28Z,00:12:19,15.2797265,68.029179,323.5,15.2797265,68.029179,323.5,739,15.279721700176468,68.02918020927495
2022-03-01T10:59:30Z,00:12:20,15.279734,68.029181,321.5,15.279734,68.029181,321.5,740,15.279736580744183,68.02918359122403
2022-03-01T10:59:32Z,00:12:22,15.27975317,68.02919167,324.9,15.27975317,68.02919167,324.9,742,15.279750669340629,68.02918867450008
2022-03-01T10:59:34Z,00:12:24,15.279774,68.02920017,322.5,15.279774,68.02920017,322.5,744,15.279763324342397,68.02919471380311
2022-03-01T10:59:36Z,00:12:26,15.27978067,68.0292055,322.6,15.27978067,68.0292055,322.6,746,15.279773904126094,68.02920096383303
2022-03-01T10:59:38Z,00:12:28,15.27978983,68.0292115,323.5,15.27978983,68.0292115,323.5,748,15.279781913161976,68.02920677440558
2022-03-01T10:59:40Z,00:12:30,15.27979683,68.02921533,324.3,15.27979683,68.02921533,324.3,750,15.279787440294939,68.02921187579953
2022-03-01T10:59:42Z,00:12:32,15.2797945,68.0292265,320.4,15.2797945,68.0292265,320.4,752,15.279790720463541,68.0292160934095
2022-03-01T10:59:44Z,00:12:33,15.2797985,68.029222,324.4,15.2797985,68.029222,324.4,753,15.279791988606352,68.02921925262999
2022-03-01T10:59:46Z,00:12:35,15.27979867,68.0292235,322.8,15.27979867,68.0292235,322.8,755,15.279791561106073,68.0292212572626
2022-03-01T10:59:48Z,00:12:39,15.27978617,68.029223,321.6,15.27978617,68.029223,321.6,759,15.279790080122009,68.02922232473686
2022-03-01T10:59:50Z,00:12:41,15.27977467,68.029222,323.1,15.27977467,68.029222,323.1,761,15.279788269257626,68.02922275088928
2022-03-01T10:59:52Z,00:12:43,15.27977683,68.02922083,322.6,15.27977683,68.02922083,322.6,763,15.279786852116377,68.02922283155637
2022-03-01T10:59:54Z,00:12:44,15.27978683,68.02922317,321.5,15.27978683,68.02922317,321.5,764,15.279786432376907,68.02922285033407
2022-03-01T10:59:56Z,00:12:46,15.27978433,68.0292225,321.5,15.27978433,68.0292225,321.5,766,15.279787134018656,68.02922304185608
2022-03-01T10:59:58Z,00:12:48,15.2797895,68.0292235,322.2,15.2797895,68.0292235,322.2,768,15.279788961096262,68.02922362851554
2022-03-01T11:00:00Z,00:12:50,15.27979367,68.02922367,320.5,15.27979367,68.02922367,320.5,770,15.279791917664348,68.02922483270551
2022-03-01T11:00:02Z,00:12:52,15.27979317,68.02922483,322.8,15.27979317,68.02922483,322.8,772,15.279796007777543,68.02922687681915
2022-03-01T11:00:04Z,00:12:54,15.27980083,68.0292275,323.7,15.27980083,68.0292275,323.7,774,15.279801226492193,68.02922993138822
2022-03-01T11:00:06Z,00:12:56,15.27980333,68.029227,322,15.27980333,68.029227,322,776,15.279807532871471,68.02923395949894
2022-03-01T11:00:08Z,00:12:57,15.27980483,68.02922617,322.8,15.27980483,68.02922617,322.8,777,15.279814876980263,68.02923887237628
2022-03-01T11:00:10Z,00:12:59,15.2798365,68.0292475,320.3,15.2798365,68.0292475,320.3,779,15.27982320888346,68.02924458124514
2022-03-01T11:00:12Z,00:13:01,15.27983017,68.02925017,319.8,15.27983017,68.02925017,319.8,781,15.279832416398541,68.0292508986334
2022-03-01T11:00:14Z,00:13:05,15.27985733,68.02925683,320.9,15.27985733,68.02925683,320.9,785,15.279842138353327,68.0292572422809
2022-03-01T11:00:16Z,00:13:07,15.279837,68.02925433,321.5,15.279837,68.02925433,321.5,787,15.279851951328252,68.02926293123045
2022-03-01T11:00:18Z,00:13:09,15.27981383,68.0292845,318.6,15.27981383,68.0292845,318.6,789,15.27986143190373,68.02926728452482
2022-03-01T11:00:20Z,00:13:10,15.27988733,68.02928667,322.2,15.27988733,68.02928667,322.2,790,15.279870254423813,68.02926978800186
2022-03-01T11:00:22Z,00:13:12,15.27992117,68.0292815,321.1,15.27992117,68.0292815,321.1,792,15.27987848428707,68.02927059467932
2022-03-01T11:00:24Z,00:13:14,15.27990833,68.02926567,320.5,15.27990833,68.02926567,320.5,794,15.279886284655706,68.0292700243699
2022-03-01T11:00:26Z,00:13:16,15.27991683,68.02926617,319.9,15.27991683,68.02926617,319.9,796,15.279893818691916,68.02926839688631
2022-03-01T11:00:28Z,00:13:18,15.27987767,68.02925633,320.7,15.27987767,68.02925633,320.7,798,15.279901249557897,68.02926603204132
2022-03-01T11:00:30Z,00:13:20,15.27987517,68.02925517,320.9,15.27987517,68.02925517,320.9,800,15.279908732874222,68.02926320104245
2022-03-01T11:00:32Z,00:13:22,15.27989483,68.0292695,321.1,15.27989483,68.0292695,321.1,802,15.279916394094936,68.02925998067646
2022-03-01T11:00:34Z,00:13:23,15.27993633,68.02925267,319.7,15.27993633,68.02925267,319.7,803,15.27992435113247,68.02925639912486
2022-03-01T11:00:36Z,00:13:25,15.279924,68.02926,319.6,15.279924,68.02926,319.6,805,15.279932721899238,68.02925248456923
2022-03-01T11:00:38Z,00:13:27,15.279926,68.02924567,318.7,15.279926,68.02924567,318.7,807,15.279941506916334,68.02924832952793
2022-03-01T11:00:40Z,00:13:31,15.2799695,68.02925233,320.6,15.2799695,68.02925233,320.6,811,15.279950237139543,68.02924428386683
2022-03-01T11:00:42Z,00:13:33,15.2799815,68.029246,318.6,15.2799815,68.029246,318.6,813,15.27995832613332,68.02924076178849
2022-03-01T11:00:44Z,00:13:35,15.2799765,68.0292305,320.2,15.2799765,68.0292305,320.2,815,15.279965187462118,68.02923817749561
2022-03-01T11:00:46Z,00:13:36,15.279959,68.02922267,319.7,15.279959,68.02922267,319.7,816,15.27997029735472,68.02923685604087
2022-03-01T11:00:48Z,00:13:38,15.27996067,68.029226,320.8,15.27996067,68.029226,320.8,818,15.279973382697177,68.02923676587676
2022-03-01T11:00:50Z,00:13:40,15.27997133,68.02923867,320.1,15.27997133,68.02923867,320.1,820,15.27997423303988,68.02923778630593
2022-03-01T11:00:52Z,00:13:42,15.27995483,68.02924167,318.9,15.27995483,68.02924167,318.9,822,15.27997263793321,68.0292397966309
2022-03-01T11:00:54Z,00:13:44,15.28000167,68.0292375,318.7,15.28000167,68.0292375,318.7,824,15.279968541727747,68.02924263368318
2022-03-01T11:00:56Z,00:13:46,15.27998417,68.0292425,319,15.27998417,68.0292425,319,826,15.279962507974883,68.0292459644098
2022-03-01T11:00:58Z,00:13:48,15.27997467,68.0292655,321.3,15.27997467,68.0292655,321.3,828,15.279955255026188,68.02924941328678
2022-03-01T11:01:00Z,00:13:49,15.27996883,68.0292605,319.1,15.27996883,68.0292605,319.1,829,15.279947501233268,68.02925260479005
2022-03-01T11:01:02Z,00:13:51,15.279933,68.02925217,320.4,15.279933,68.02925217,320.4,831,15.279939964947696,68.02925516339559
2022-03-01T11:01:04Z,00:13:53,15.27990183,68.02925283,320.7,15.27990183,68.02925283,320.7,833,15.279933412128868,68.02925683560376
2022-03-01T11:01:06Z,00:13:57,15.27990883,68.02925617,320,15.27990883,68.02925617,320,837,15.279928799167394,68.02925785601242
2022-03-01T11:01:08Z,00:13:59,15.27989783,68.02928817,320.9,15.27989783,68.02928817,320.9,839,15.279927130061706,68.02925858124384
2022-03-01T11:01:10Z,00:14:01,15.27992083,68.02925733,318.8,15.27992083,68.02925733,318.8,841,15.279929408810228,68.02925936792026
2022-03-01T11:01:12Z,00:14:02,15.27992983,68.02924383,317.7,15.27992983,68.02924383,317.7,842,15.279936184499233,68.02926050167349
2022-03-01T11:01:14Z,00:14:04,15.27994517,68.029247,318.2,15.27994517,68.029247,318.2,844,15.27994618656641,68.02926198417354
2022-03-01T11:01:16Z,00:14:06,15.2799525,68.02925283,316.7,15.2799525,68.02925283,316.7,846,15.27995768953729,68.02926374610006
2022-03-01T11:01:18Z,00:14:08,15.279957,68.02925967,318.7,15.279957,68.02925967,318.7,848,15.279968967937426,68.02926571813254
2022-03-01T11:01:20Z,00:14:10,15.27996633,68.0292805,318,15.27996633,68.0292805,318,850,15.279978560563103,68.02926781416024
2022-03-01T11:01:22Z,00:14:12,15.2800555,68.0292815,318.5,15.2800555,68.0292815,318.5,852,15.279986063293649,68.02926988091076
2022-03-01T11:01:24Z,00:14:14,15.28002183,68.02927933,318,15.28002183,68.02927933,318,854,15.279991336279132,68.02927174832138
2022-03-01T11:01:26Z,00:14:15,15.28000583,68.02927417,316.9,15.28000583,68.02927417,316.9,855,15.279994239669623,68.02927324632935
2022-03-01T11:01:28Z,00:14:17,15.27998983,68.02927433,319.7,15.27998983,68.02927433,319.7,857,15.27999463361521,68.02927420487191
2022-03-01T11:01:30Z,00:14:19,15.2799765,68.02927183,318.3,15.2799765,68.02927183,318.3,859,15.279992566580125,68.02927450828503
2022-03-01T11:01:32Z,00:14:23,15.27997067,68.02926883,317.6,15.27997067,68.02926883,317.6,863,15.279988840285261,68.02927425849944
2022-03-01T11:01:34Z,00:14:25,15.27997483,68.0292695,318.4,15.27997483,68.0292695,318.4,865,15.27998444476567,68.02927361184476
2022-03-01T11:01:36Z,00:14:27,15.27997817,68.0292715,317.1,15.27997817,68.0292715,317.1,867,15.27998037005641,68.02927272465043
2022-03-01T11:01:38Z,00:14:28,15.27996533,68.02926167,319,15.27996533,68.02926167,319,868,15.27997726993547,68.02927170340857
2022-03-01T11:01:40Z,00:14:30,15.279966,68.02928267,317.7,15.279966,68.02928267,317.7,870,15.279974453152581,68.02927045526198
2022-03-01T11:01:42Z,00:14:32,15.27999317,68.02927983,315.9,15.27999317,68.02927983,315.9,872,15.27997089220041,68.029268837516085
2022-03-01T11:01:44Z,00:14:34,15.27998233,68.02927817,316.5,15.27998233,68.02927817,316.5,874,15.279965559571629,68.02926670747627
2022-03-01T11:01:46Z,00:14:36,15.280023,68.02926783,315.7,15.280023,68.02926783,315.7,876,15.279958071605346,68.0292640062996
2022-03-01T11:01:48Z,00:14:38,15.2799865,68.02923967,316.9,15.2799865,68.02923967,316.9,878,15.27995062002649,68.02926101054979
2022-03-01T11:01:50Z,00:14:39,15.279915,68.0292535,317.4,15.279915,68.0292535,317.4,879,15.279946040406417,68.0292580806422
2022-03-01T11:01:52Z,00:14:41,15.27986333,68.029252,315.9,15.27986333,68.029252,315.9,881,15.279947168316498,68.02925557699213
2022-03-01T11:01:54Z,00:14:43,15.27993183,68.02925,318.5,15.27993183,68.02925,318.5,883,15.279956017779009,68.0292537576853
2022-03-01T11:01:56Z,00:14:47,15.27994983,68.02925583,316.9,15.27994983,68.02925583,316.9,887,15.279971316619871,68.02925247148862
2022-03-01T11:01:58Z,00:14:47,15.27994983,68.02925583,316,15.27994983,68.02925583,316,887,15.279990971115929,68.02925146483932
2022-03-01T11:02:00Z,00:14:51,15.27995267,68.02925617,316.3,15.27995267,68.02925617,316.3,891,15.280012887544007,68.02925048417461
2022-03-01T11:02:02Z,00:14:52,15.2800135,68.02923767,318.4,15.2800135,68.02923767,318.4,892,15.280034972180946,68.02924927593175
2022-03-01T11:02:04Z,00:14:54,15.2801235,68.0292395,316,15.2801235,68.0292395,316,894,15.280055120458345,68.02924763572861
2022-03-01T11:02:06Z,00:14:56,15.28018083,68.02927183,319.6,15.28018083,68.02927183,319.6,896,15.280071184426877,68.02924555590558
2022-03-01T11:02:08Z,00:14:58,15.28012583,68.029247,317.1,15.28012583,68.029247,317.1,898,15.280081005291983,68.02924307798375
2022-03-01T11:02:10Z,NA,15.28010967,68.02923583,316.5,15.28010967,68.02923583,316.5,900,15.280082424259106,68.02924024348417
2022-03-01T11:02:12Z,00:15:02,15.28007617,68.02923583,319.2,15.28007617,68.02923583,319.2,902,15.280074207613644,68.02923713428189
2022-03-01T11:02:14Z,00:15:04,15.280066,68.02922983,318.6,15.280066,68.02922983,318.6,904,15.280058821960829,68.02923399366784
2022-03-01T11:02:16Z,00:15:05,15.28002817,68.0292295,318.7,15.28002817,68.0292295,318.7,905,15.280039658985865,68.02923110528708
2022-03-01T11:02:18Z,00:15:07,15.279992,68.02922917,319.3,15.279992,68.02922917,319.3,907,15.280020110373934,68.02922875278449
2022-03-01T11:02:20Z,00:15:09,15.27997233,68.02922633,316.1,15.27997233,68.02922633,316.1,909,15.280003011551393,68.02922715260014
2022-03-01T11:02:22Z,00:15:13,15.280001,68.02923167,316,15.280001,68.02923167,316,913,15.279988972909198,68.02922625235414
2022-03-01T11:02:24Z,00:15:15,15.27992667,68.02921167,315.9,15.27992667,68.02921167,315.9,915,15.279978048579464,68.02922593246174
2022-03-01T11:02:26Z,00:15:17,15.27994717,68.02921133,316.6,15.27994717,68.02921133,316.6,917,15.279970292694296,68.02922607333802
2022-03-01T11:02:28Z,00:15:18,15.279973,68.02924,317.9,15.279973,68.02924,317.9,918,15.279965759385806,68.02922655539828
2022-03-01T11:02:30Z,00:15:20,15.27998333,68.0292375,317.9,15.27998333,68.0292375,317.9,920,15.27996435448974,68.02922726246064
2022-03-01T11:02:32Z,00:15:22,15.27996967,68.02922767,316,15.27996967,68.02922767,316,922,15.279965390656345,68.0292280919552
2022-03-01T11:02:34Z,00:15:24,15.27996783,68.02923017,319,15.27996783,68.02923017,319,924,15.2799680322395,68.02922894471514
2022-03-01T11:02:36Z,00:15:26,15.27997,68.02922683,317.2,15.27997,68.02922683,317.2,926,15.279971443593086,68.02922972157349
2022-03-01T11:02:38Z,00:15:28,15.279975,68.02922983,318.5,15.279975,68.02922983,318.5,928,15.279974895263942,68.02923034727108
2022-03-01T11:02:40Z,00:15:30,15.279984,68.02923233,318.3,15.279984,68.02923233,318.3,930,15.279978082570745,68.0292308421793
2022-03-01T11:02:42Z,00:15:31,15.279988,68.02923117,316.8,15.279988,68.02923117,316.8,931,15.279980807025126,68.02923125057727
2022-03-01T11:02:44Z,00:15:33,15.27999033,68.0292315,316.9,15.27999033,68.0292315,316.9,933,15.279982870138719,68.02923161674407
2022-03-01T11:02:46Z,00:15:37,15.27998817,68.0292345,317.7,15.27998817,68.0292345,317.7,937,15.279984163937698,68.02923198510359
2022-03-01T11:02:48Z,00:15:39,15.279986,68.029233,317.8,15.279986,68.029233,317.8,939,15.279984942506395,68.02923240065893
2022-03-01T11:02:50Z,00:15:41,15.27999,68.02923217,314.9,15.27999,68.02923217,314.9,941,15.279985550443671,68.02923290855799
2022-03-01T11:02:52Z,00:15:43,15.2799915,68.029233,314.8,15.2799915,68.029233,314.8,943,15.279986332348392,68.02923355394863
2022-03-01T11:02:54Z,00:15:44,15.2799915,68.02923367,317.3,15.2799915,68.02923367,317.3,944,15.27998767361583,68.02923439745274
2022-03-01T11:02:56Z,00:15:46,15.27998417,68.02923583,318.3,15.27998417,68.02923583,318.3,946,15.279990122826868,68.02923556158807
2022-03-01T11:02:58Z,00:15:48,15.279988,68.029239,317.7,15.279988,68.029239,317.7,948,15.279994269358793,68.02923718434631
2022-03-01T11:03:00Z,00:15:50,15.27999083,68.0292385,316.5,15.27999083,68.0292385,316.5,950,15.280000702588884,68.02923940371919
2022-03-01T11:03:02Z,00:15:52,15.280006,68.029239,316.5,15.280006,68.029239,316.5,952,15.280010011894435,68.02924235769841
2022-03-01T11:03:04Z,00:15:54,15.2800215,68.0292415,316.5,15.2800215,68.0292415,316.5,954,15.280022577214423,68.02924609407948
2022-03-01T11:03:06Z,00:15:55,15.28001817,68.029242,317.7,15.28001817,68.029242,317.7,955,15.280037940734609,68.02925029987315
2022-03-01T11:03:08Z,00:15:57,15.28002567,68.02925,314.7,15.28002567,68.02925,314.7,957,15.280055435202453,68.02925457189394
2022-03-01T11:03:10Z,00:15:59,15.280026,68.0292505,314.7,15.280026,68.0292505,314.7,959,15.28007439336541,68.02925850695641
2022-03-01T11:03:12Z,00:16:03,15.28009167,68.02926267,314.1,15.28009167,68.02926267,314.1,963,15.280093817005,68.02926174162437
2022-03-01T11:03:14Z,00:16:05,15.280157,68.029286,314.1,15.280157,68.029286,314.1,965,15.280111384038923,68.02926407145887
2022-03-01T11:03:16Z,00:16:05,15.280157,68.029286,314.4,15.280157,68.029286,314.4,965,15.280124441418948,68.02926533177028
2022-03-01T11:03:18Z,00:16:05,15.280157,68.029286,313.7,15.280157,68.029286,313.7,965,15.280130336096839,68.02926535786892
2022-03-01T11:03:20Z,00:16:10,15.28017,68.0292585,313.9,15.28017,68.0292585,313.9,970,15.280127262465312,68.0292641069686
2022-03-01T11:03:22Z,00:16:12,15.2801585,68.02924583,313.8,15.2801585,68.02924583,313.8,972,15.28011680468091,68.02926202389679
2022-03-01T11:03:24Z,00:16:13,15.28011967,68.0292445,315.1,15.28011967,68.0292445,315.1,973,15.280101394341129,68.02925967538442
2022-03-01T11:03:26Z,00:16:15,15.2800735,68.0292515,314,15.2800735,68.0292515,314,975,15.28008346304346,68.02925762816238
2022-03-01T11:03:28Z,00:16:19,15.28005117,68.02925433,313.8,15.28005117,68.02925433,313.8,979,15.280065442385403,68.02925644896163
2022-03-01T11:03:30Z,00:16:21,15.280067,68.02924383,313.5,15.280067,68.02924383,313.5,981,15.280049593706266,68.02925654405912
2022-03-01T11:03:32Z,00:16:23,15.27997183,68.0292695,314.4,15.27997183,68.0292695,314.4,983,15.280037497312602,68.02925767791612
2022-03-01T11:03:34Z,00:16:24,15.27994217,68.0292745,314.8,15.27994217,68.0292745,314.8,984,15.280030563252783,68.02925945454004
2022-03-01T11:03:36Z,00:16:26,15.28001283,68.02925583,314.1,15.28001283,68.02925583,314.1,986,15.280030201575174,68.02926147793818
2022-03-01T11:03:38Z,00:16:28,15.2800425,68.0292675,314.7,15.2800425,68.0292675,314.7,988,15.280037209435058,68.02926342595075
2022-03-01T11:03:40Z,00:16:30,15.280079,68.02924417,311,15.280079,68.02924417,311,990,15.280049932415334,68.02926527174915
2022-03-01T11:03:42Z,00:16:32,15.28006817,68.02927833,310.9,15.28006817,68.02927833,310.9,992,15.280066103205817,68.02926706233768
2022-03-01T11:03:44Z,00:16:34,15.28007267,68.02928233,312.9,15.28007267,68.02928233,312.9,994,15.280083454496328,68.02926884472068
2022-03-01T11:03:46Z,00:16:36,15.2801155,68.02927467,312.6,15.2801155,68.02927467,312.6,996,15.280100086466835,68.02927067728542
2022-03-01T11:03:48Z,00:16:37,15.28014883,68.0292695,312.1,15.28014883,68.0292695,312.1,997,15.28011556925793,68.02927266395183
2022-03-01T11:03:50Z,00:16:39,15.2801505,68.02926217,312.8,15.2801505,68.02926217,312.8,999,15.28012984050039,68.02927492002284
2022-03-01T11:03:52Z,00:16:41,15.2801665,68.02925933,311.2,15.2801665,68.02925933,311.2,1001,15.280142837824963,68.02927756080145
2022-03-01T11:03:54Z,00:16:43,15.280109,68.02930167,309.7,15.280109,68.02930167,309.7,1003,15.280154498862414,68.02928070159057
